file,size_bytes,sha256
docs/discovery/evidence/2026-10-07/03aa6b2132600e34.json,84023,1d27c491340d2febae632b85a2a4e2ff3bf3876ba06cecdad7137437feb6ee0c
docs/discovery/evidence/2026-10-07/03b28225a3b6472e.json,961,b72dce455e360c18c2f1bf2d01e29bca93015fab796d49219864232f7dd760d4
docs/discovery/evidence/2026-10-07/042a6bfd93bf6591.json,64412,a66ad8a006fb9c82c4f17bc53576d0f194e6f0d6ca38a433528cbdd22a96e6e8
docs/discovery/evidence/2026-10-07/057f8396bb204123.json,62691,e5c2001edca048a428a36841673aa892eb8a275fd5915db950fd2eea04fc9b37
docs/discovery/evidence/2026-10-07/079f22979a4650e1.json,61535,f0101d0048d47d4cd6bc6d2d1b11581e04bd0e5bdeb7de9883ea5ed5f4dd4d7a
docs/discovery/evidence/2026-10-07/085bd9c8a1955e84.json,5921,d63b0f4dd183984155d85ff2d08cf6903d14f254447a40a5ae458908197cf64b
docs/discovery/evidence/2026-10-07/0f2aff7a62a241ad.json,68679,1042e5fa076d59c227c754977fcaf0c3235388c8224140a7e511a75e602ffa10
docs/discovery/evidence/2026-10-07/108c0927a5c543fc.json,73008,75d7c8a674db5b773f0923193519dea6c88a2f13ab9dc483aab072ae173020d5
docs/discovery/evidence/2026-10-07/15848116359b3393.json,121880,e6039319a776a3b704d3d8d7b769e93b177f630a01c588bef17abef44c6a8c8f
docs/discovery/evidence/2026-10-07/1a3d84292d9ad8eb.json,1203,64a7dd4a9819e4d0d63a2b2280e0820b5f70419b6b089973ff6efe2913842e10
docs/discovery/evidence/2026-10-07/2264404a65271a27.json,2002,bec8cf0a5b8a663ca8d75fa231a71c2ac2c801a8dc657d88d436081b19e721ff
docs/discovery/evidence/2026-10-07/22fce228e9571e0b.json,102678,e579eaa21d7b03bbf0ff9ae0b1eb5449b74c8f6a8975633740fb4e014ac0a795
docs/discovery/evidence/2026-10-07/25324146eb761a14.json,78128,cfca46ae95e3d138a96baee9e4ad2454b475ef1dc15d157bd275ecb3e8b4e51b
docs/discovery/evidence/2026-10-07/25a50a9e850dfeda.json,965,b1b1c7f0a9b89b095bfebe1ecbf8af20d75167be54c97ccbbe66bf4a4fc949d9
docs/discovery/evidence/2026-10-07/28f5bd0857dc9030.json,105766,66d7b6336624d2f4c8d92c068ff9ba1d21f2453489bc7b03140a2f9c4afe7990
docs/discovery/evidence/2026-10-07/29602edc75e9a90f.json,1170,db9047662207bcfc80843daa181b1c595f1a293642cf25892a3d82e2304f03ca
docs/discovery/evidence/2026-10-07/2ab0969ad45e09e1.json,72735,76f9684fe0a5a632d1a12f5b7db589c515f0dcee2372f7cb4c3cbaaf2e60811b
docs/discovery/evidence/2026-10-07/2cabeaa371532145.json,69977,982aba493c71aebd786e2cb2b4938d9b6b38b494e87e0e7da62a975933951950
docs/discovery/evidence/2026-10-07/2f1e88eaab497606.json,67969,bf1de975c60a0467da73b3b8d471d4e4a866f2b928885a5426fa2ecc25010be2
docs/discovery/evidence/2026-10-07/32c19382fb03633b.json,82232,4ae644e0ba3b722c5f09f4152d7c634a15f1bc8db3d61488e06c60630fe31f86
docs/discovery/evidence/2026-10-07/33d3144375d9c70c.json,1163,d857d81e004446517fd51589268d90d788703023f1bb5676d172ecc8a4cb5be1
docs/discovery/evidence/2026-10-07/35143a53b958a9cf.json,129519,3132f50eb89c2c2a8636fa02515ea58e1ee71fee132f656667f316253a8b6619
docs/discovery/evidence/2026-10-07/3814322bcabd97eb.json,955,18744c8a1e277298103078c28832d6cb305cc0d102b3a096237ea61dfa1eacd9
docs/discovery/evidence/2026-10-07/3c143de6f18cb9a7.json,69213,cf4cc5b430f1627d425611f7604319ba5e4fb54235d8035f1b8cf8ee1696c1c6
docs/discovery/evidence/2026-10-07/4041dabfef12c14b.json,66002,e56768cbe9d09bde9a43f813111457d3898e37884fef158644f09bfae7a558f8
docs/discovery/evidence/2026-10-07/422587ca14f67b75.json,5909,e24a43940400cf2aed731ea667a2761eefc7292348b884ccd461e2faa3b9322e
docs/discovery/evidence/2026-10-07/473c0bbf19947f20.json,61912,3cbc7e2aa0d8fb1ff631018c6dee96cdcbd6c6676db56a1083cedaca38469a2e
docs/discovery/evidence/2026-10-07/488881eec7e3f0e9.json,70304,6f5a72682bd27238d9a783000f448d09ef4a245087a7036aa93c648957b8949d
docs/discovery/evidence/2026-10-07/4b13f341f30f6e36.json,61520,afa13e27d9d80c5316085e0b1057f6964c1abcefc58c5bf8b1f0e4b99b06dd7a
docs/discovery/evidence/2026-10-07/5377fc295e4b14f5.json,68535,66467433d7163026080948b39e5c5962782e4c8825758f134fd78ccaf671ccb8
docs/discovery/evidence/2026-10-07/54ac8b5900249ee1.json,1988,524692bc2d41e1d1d5ea0c01536d46f80ae8e860bcc79b036ec9357c5006a4d8
docs/discovery/evidence/2026-10-07/552f7bf8a33cfd97.json,1147,32bcf8409942a98a46e60201939da1a18f10b81ad44ee884b334564644fd8187
docs/discovery/evidence/2026-10-07/587c17fb97ccfd0a.json,68250,4d094dcc1328f425fed9141a98c3e068dd386773bf08bfd4dd451e2c86dcf42f
docs/discovery/evidence/2026-10-07/5a3ee58bd1636f6f.json,122715,2f21dd43f3d6d56e09754af7112804d3a6b93c18b969c584e5ad65e7e9290db7
docs/discovery/evidence/2026-10-07/5f6f595d1767e426.json,105473,2122d92d13f6fadcd4ce6b8c51bb21f2c6ba847b852930b89fdd908daf226914
docs/discovery/evidence/2026-10-07/5f85fcff858c3f18.json,4636,40aa796ccf743246cd7628230b6e202f2514818d33b37abb02dc09015cf00821
docs/discovery/evidence/2026-10-07/5facd28dce2fe801.json,61595,39ff9a19cc5ac73faa201c14519ff8a5fdd405499ebc38d790a3a7a32e7407f7
docs/discovery/evidence/2026-10-07/601b198708ee46d7.json,61677,658e5b73dcab49bcb517a6820d956ab30569a187d0c893c9cfcc7b5067eb0b9b
docs/discovery/evidence/2026-10-07/62476263e2877e88.json,64242,979ee40cf9c74702b0b2d87746d1028cadf59cbb3062f1e0a15f62952af4d358
docs/discovery/evidence/2026-10-07/62e4ebb01bafdb58.json,123288,9a850bede36430f51180a63c36732b384c4d8e694b764d9ecbfa3690a2ec7e5e
docs/discovery/evidence/2026-10-07/63b427cb79c15866.json,61847,9eca20415e920d616d57d123caa76d8a71dbb6572641cd1478db103de65cceca
docs/discovery/evidence/2026-10-07/65a8028ed9f4bd05.json,61558,8dbac7a3450ef3fff9df139b3405ea771d2eafe140b6dee1586fd76a14cf4be1
docs/discovery/evidence/2026-10-07/684bb744b18cca47.json,69112,2b2d8f0c2337ceed2e5ddb859cfcbe1b8661dbba915f796890b036de8c3727b0
docs/discovery/evidence/2026-10-07/6e5fabe48b05e934.json,77212,29db22c6a8d2fd6c05a3f8faef7a3311a804f7fb1a66d2b1861338aa70fbf87c
docs/discovery/evidence/2026-10-07/6fbe6222a0024c5d.json,66494,f2edc816da9a8b88a1a5cd809843475631669f8191a207ca298096d165308d04
docs/discovery/evidence/2026-10-07/72851bf613db3d0f.json,72013,c218b57a1ecdf54e9222b8137dd1abdec0819163c9b8aef5e2039738edc743b2
docs/discovery/evidence/2026-10-07/737bca585de4604f.json,61640,7aab201131815d6e54dedc066f159bdf6e1f4cda412767eed96cbe9b3746f1fb
docs/discovery/evidence/2026-10-07/73c1b77a2752823e.json,69954,8075e6ac2d5fc75d71e45dbeb9c127862747c6a7f4c62be12c11f8403b4184ae
docs/discovery/evidence/2026-10-07/77b60a6fdd4276fe.json,1181,5bdd48852e87ff9fac5fd2ccf541918fe9dd940234a4c0613d09549de405b239
docs/discovery/evidence/2026-10-07/7b32476b0cf26b20.json,61595,24a9b6f8cf6eca4ed8f02b2d1ebcc3083dc8a68eb67468e50613543be88f9bdf
docs/discovery/evidence/2026-10-07/7b64878ec598080c.json,61565,a16af3434669cdb0c162dacde4c8a335c0f65a2ea4191f3d8911bcc373a99e8f
docs/discovery/evidence/2026-10-07/7c3de56f04b4218d.json,68809,12876508148487434eb6c4340c650f12fc0b7fe6d9d2dbb4227428743aad3a2c
docs/discovery/evidence/2026-10-07/7dccf5eaafbddfb5.json,80785,d3cecd097fa96f70b0c358bda70c5d4407d8e4263d5ffa4a534c536a2f5d5519
docs/discovery/evidence/2026-10-07/7e9613a97fac10c2.json,68853,580dd8c0eb9aec5927f453c5b538185e39cde47d88c867743cf761d2e3410d8b
docs/discovery/evidence/2026-10-07/8258ea59e3d23ff7.json,73958,894513b83ff3eaa04f35c6472ad387b0e456ff684a6319f5f7536c06d90c3c6f
docs/discovery/evidence/2026-10-07/84a085abac38a75a.json,74628,e896887acce38015eb79b84648a25444324809f4812b6e4c909e4c1ec235cfd4
docs/discovery/evidence/2026-10-07/8633e58ce8d091cd.json,61499,fd46a9bcc7b825eda7dbb21cfff3a8f70a34e43743cafc641c4a780ec8b6aad1
docs/discovery/evidence/2026-10-07/8a655e9987bdba73.json,101354,68b68e223b36b713ffcbe4bdcdbb8017ee9f2140871606aebcbed4d21dab61c4
docs/discovery/evidence/2026-10-07/8d66d9b2d6a380cf.json,69143,3396b4aec03812bdb3c5b8f8cca2d0b87f830f162a2a88d851a30eb1f69a5165
docs/discovery/evidence/2026-10-07/8fbfc6d64d55a59c.json,1023,be2884260c4cdf0d83f44d4220ac564495936a1a25b3c3656db06c83ceaa84f6
docs/discovery/evidence/2026-10-07/919ed249c8460f7f.json,167731,6d041686840602a8a113516186f2b51604ebe5acd26f678087bb38dac1b9b41b
docs/discovery/evidence/2026-10-07/92e67410f7b113ed.json,106802,1295e6c0792bf60ddf4f60aa65d60c6dee4ef269a870d3d81a8b4fd1202fc36c
docs/discovery/evidence/2026-10-07/9e47bf7407643f13.json,83392,9f7d6cdb322f43155ed358c0d748a681b5a1e40eadf3342c7e735a7357d6ac15
docs/discovery/evidence/2026-10-07/9e93e75ea9a1e846.json,68244,6120b5f0016fe606aee3ae80be93358b8b328113d3803d6dd85d01dada4a96ec
docs/discovery/evidence/2026-10-07/a306741cff43f451.json,68699,5f27e7249ae07b8d81e06bf5eb8446a9ece0663d326cc1811129b63895ba2c8b
docs/discovery/evidence/2026-10-07/a8a2e0d15bce470e.json,68546,36b7669600393c8c637c5ce1162cf808b4d486d222a29e51271374e770050c68
docs/discovery/evidence/2026-10-07/aa14fac85e8f0299.json,70167,d3155c51848329bd9abcf6be7eb396120daf8f1d2770a54db5caaf4c3b31917e
docs/discovery/evidence/2026-10-07/aa24a90819eaa631.json,78856,aa94f261f3fd73356c37101b206cc57515ba3ae275e35f1239e7a0266fb9ded3
docs/discovery/evidence/2026-10-07/about-desktop.ax.txt,9338,34b7f5fa2232bdfeb69ac470daca9fbbc7a4497cafcdc0763ae20b36b7c4804d
docs/discovery/evidence/2026-10-07/about-desktop.jpg,146244,0bb6a3afd13cddbb2a177772d91a165a0c4169114b3a0fddd16f654c9b6433df
docs/discovery/evidence/2026-10-07/access-log.md,3016,c1374ce1511827bd38ddea200adc24939d45a720cf477464507ec1ecae585fab
docs/discovery/evidence/2026-10-07/awards-desktop.ax.txt,7398,7e85a8a69cf7d931dfa1ad6d041d3f1e8998a2d6cf0e35b07f0e90f5f0675753
docs/discovery/evidence/2026-10-07/awards-desktop.jpg,103476,aaf0841805b0dd1d638e58aa6feeb9a5cd27b286b20131329a08f6f67afad6e8
docs/discovery/evidence/2026-10-07/b1e4febe7d2d0716.json,29151,6f3d49ef847d16c4fcba008676a1470937c825f3605dc5935b43618c632b1fa6
docs/discovery/evidence/2026-10-07/b5a3b010e8a340c8.json,5955,aefa861139d1e3fd010f21fd14fc9c00577400ec7e04389051ea72ea93daa9c8
docs/discovery/evidence/2026-10-07/b6176962409ee39e.json,82574,50fbcc1be6c6fcc2dd2749e3b0da39de643c4d9baa46baec1296fcde84b3195e
docs/discovery/evidence/2026-10-07/b6536eba90e34f92.json,68041,6d41f1a5997897aabb34abe72f601b1ed3e861498b7011a11066bdf2c4f42488
docs/discovery/evidence/2026-10-07/b774278270611fc0.json,68144,36b4f9dbe2d316e5ef217b48ee131307e94cd4b57db06e45a85be83997d99e09
docs/discovery/evidence/2026-10-07/b787afc0564e6ae0.json,68698,90f1e6c66df1aa31e19051f677248a95b893f4417b6feb7dc659d3ab61f78f96
docs/discovery/evidence/2026-10-07/b7fb809bdc7127f2.json,65682,8ef76dacd91e7d4a8b6c4f8509e3793969cc46afdb40fcadd60333813b702daa
docs/discovery/evidence/2026-10-07/bb905a105973bbe4.json,61599,1289fe8862f7718f4c7f05e63edacfcab08e065e07d2137337748b6c3e0e7f9f
docs/discovery/evidence/2026-10-07/bdcf8d1c2e39716a.json,68239,e4d71dbe4a4794a250c4cb144be6bc063f0ddba3e655e8e472ff2d4ec64d6154
docs/discovery/evidence/2026-10-07/bfeaaf9a3fa7739c.json,61614,ddb906ed3f79d4ac3fd161d67cae4bdb48a97b9805b26be9d2d4a3833f5b7bd5
docs/discovery/evidence/2026-10-07/blog-article-desktop.ax.txt,8511,6f1580916b85d79db4fadcac6f1fbe0e529ee0a9456d970b19b2e542b04e441c
docs/discovery/evidence/2026-10-07/blog-article-desktop.jpg,89690,e8a41555a2140fa561ff30b52b35f58d5f49788f1a933e5123cf549945e9a50e
docs/discovery/evidence/2026-10-07/blogs-desktop.ax.txt,3956,af97875a772ab6435668dc8888d36db2e0f551259d7812a0a07352f7c39f7938
docs/discovery/evidence/2026-10-07/blogs-desktop.jpg,83395,e892788434cd75b21fc785042cfabbba197ec9b7c9bbf9a413bdd42811fa4503
docs/discovery/evidence/2026-10-07/browser-observations.json,28456,10d97459a51b41126e3ad03bf3143563ac7162e66b7ecf2eca6f324200e5328a
docs/discovery/evidence/2026-10-07/browser-runtime-references.json,1851,fdc3055416e4b00b73c6e27505cd85a78a302c5369556380505b2d1bb2947d66
docs/discovery/evidence/2026-10-07/c548b13d1dc4a24d.json,90753,7893370f0b2a34e778d8fe3cd6dd25b00419cde137419e2414ccac7b20ba5612
docs/discovery/evidence/2026-10-07/c9ba739bb678873c.json,106281,91385976ab2d7180590870826a7fe3c4962f2fd30dc92ec396cb197225af62c8
docs/discovery/evidence/2026-10-07/careers-desktop-1440x900.ax.txt,6360,6724ed0b0192f97367fe7ac2bb222a885ab398623a7de7124670a18ab1854c22
docs/discovery/evidence/2026-10-07/careers-desktop-1440x900.jpg,142222,bb4c8cd059808ff1ed95824d61f11bf7f19ab90ead9f99f008169726b1eb730e
docs/discovery/evidence/2026-10-07/careers-mobile-390x844.ax.txt,5684,ac3667545dc8af57f9f341ced13f3a2c55dd0ba59146727a09d9f12dbcada508
docs/discovery/evidence/2026-10-07/careers-mobile-390x844.jpg,36646,c021a11b25eda02dabe8ab20e717d9f4c4672803a8ce060f35086d6bf31ffe32
docs/discovery/evidence/2026-10-07/careers-opportunities-desktop.ax.txt,6360,6724ed0b0192f97367fe7ac2bb222a885ab398623a7de7124670a18ab1854c22
docs/discovery/evidence/2026-10-07/careers-opportunities-desktop.jpg,104025,7abce0293058447f6ba630151badaa661ce4a988fd9d3e0ec001ca292693f86c
docs/discovery/evidence/2026-10-07/cc05cc7c49f30967.json,70712,104274789b55a54cc1ac653fd12a580ee19bedd7ed400640174785bd7ba3d2cd
docs/discovery/evidence/2026-10-07/cd33be07875b2580.json,61580,da7a6b9bd441724fde9c3ecbc9cdbb3c2cfc3af904fb400eacc27a009c31e33a
docs/discovery/evidence/2026-10-07/cefaa740c210ff77.json,1106,e5bc2df7eadd5b644773aefa8c88726bdf3af719d9e13642a0817e80ecc3dade
docs/discovery/evidence/2026-10-07/contact-desktop-1440x900.ax.txt,8518,9f2d65c1bb7a34fcae39a0507d5bf9ac4681641792b2ba1fca5df68f6fad69ec
docs/discovery/evidence/2026-10-07/contact-desktop-1440x900.jpg,75503,0e1aa8cbeecf3a36918c9d73f282ba71a8c0a5b86963a6fd94f8370228c89210
docs/discovery/evidence/2026-10-07/contact-fields-desktop.ax.txt,8453,c315a8537bd72b8fae5097042c672d1d2c5645dbc43408b442c7f2421e9fb6d5
docs/discovery/evidence/2026-10-07/contact-fields-desktop.jpg,68600,b7d32e2a155b237c529e3edd3fa8cb4c56a87507d91fc594a08e6b0724e8a1d0
docs/discovery/evidence/2026-10-07/contact-fields-mobile.ax.txt,7793,c04f032096d8970a74305d7102b43ae29a186ed9d00929e84d767f30ef5aaf93
docs/discovery/evidence/2026-10-07/contact-fields-mobile.jpg,24124,19e0dfc3e094eee3da4196425a79aa2161d5b9015205be9267ab73a70c1fd619
docs/discovery/evidence/2026-10-07/contact-mobile-390x844.ax.txt,7849,1d53170df9f760473f7355645708c9908625ae6eb2a2f79cdbfd28c191a2a15d
docs/discovery/evidence/2026-10-07/contact-mobile-390x844.jpg,26817,177178ecb5262380607af3b892f2b7e14570346cddfc0e497a9be60e3071ed26
docs/discovery/evidence/2026-10-07/contact-service-selected.ax.txt,8512,8a553c4eb8c7f44b1f53b77f68b5089fbb910ecc6b712decd1defa75f8744b9f
docs/discovery/evidence/2026-10-07/contact-service-selected.jpg,75476,cb208af332ce2f9013a3ce8336c3ea9348aeee9f24f2ab30f9864769422c637d
docs/discovery/evidence/2026-10-07/coverage.json,1394,612b4aa8976e998e5dcc22a6a83f90a79337cf33d47e4da4ec86541e1f6dac45
docs/discovery/evidence/2026-10-07/crawl-boundary.json,275,042f5fff0683b4b3e94ddc9241d2618fe34c95ae1b77bd00373ebe4adc347caf
docs/discovery/evidence/2026-10-07/d22ded80faec58b0.json,98847,b73d4f8175ca5c33417384f7fbcb7cda93409cafbd7a594db17f64ef8db4ba52
docs/discovery/evidence/2026-10-07/d2f9f3a175c619af.json,70406,71e5e55e0fc3f8345607204b9e9f735b53f65605b766d67477378ddeb14617a0
docs/discovery/evidence/2026-10-07/d774a34b79efaca7.json,107317,72f192773d4d335c7caee75f1dd4daed38cb422b5056d25de34cab6c43b1c60e
docs/discovery/evidence/2026-10-07/d8c165a4e20020e7.json,102508,4ee9b77df6e87fdc455bfe9a7fcf18827bded3f1d3ef268d290149ff1d9f2a9c
docs/discovery/evidence/2026-10-07/da5ae3d855d27aaf.json,1244,e065c85875f75b9dc8dea96b568b2a6bc9fae1104ba5eb60db7283e39cd15acd
docs/discovery/evidence/2026-10-07/da60934afa379c96.json,68501,7a1f6c04a44254a49fb41e15be9a5df694ca7617a1f041b19119fd3e403a55a3
docs/discovery/evidence/2026-10-07/design-build-desktop.ax.txt,6787,e2cdc0270d89486b81ca42775f9752be65991c07ef2e3e528149451d641e534b
docs/discovery/evidence/2026-10-07/design-build-desktop.jpg,109511,2de38273d10dea806f8cb23d65b068ec958dbb3613859a62b805948a6fb03b6f
docs/discovery/evidence/2026-10-07/e3daabf945adf1a6.json,1123,29509ae924b10d4555945129ed3e227cda5f4cb927805e1751c8e4ba6e31d5fa
docs/discovery/evidence/2026-10-07/e6215a493284307f.json,61877,0ae205463073eb3b21f5e319da09f9812fd7a62d5e405806166cb5dc09efbd81
docs/discovery/evidence/2026-10-07/e8b68f02209bd523.json,67969,dd1e343333f8a3205133cd40c30cce4d0d49557a8f29b5b781e84c3a6e7770b4
docs/discovery/evidence/2026-10-07/events-desktop.ax.txt,15172,fe1ec951279eef2fce02b804c8ad8c1a647c819d3990809cc8477a3cbbdd0f95
docs/discovery/evidence/2026-10-07/events-desktop.jpg,103225,2c7be493ed56d3f14464156d9b30fb0aa0e517f5b0939282e19f91f6138d7b19
docs/discovery/evidence/2026-10-07/fe09deb8dd827585.json,4021,c4200f2408ac9a7a487583688c50b0b1837dfe1b13d9961f139a1148ccc5b8f6
docs/discovery/evidence/2026-10-07/governance-desktop.ax.txt,4295,d2c9a7522fad9e4b7d309f5211b9dc42804382aa70dffaad0e0cdcdcf5e0a531
docs/discovery/evidence/2026-10-07/governance-desktop.jpg,79406,c4953fcb82de9fa9bcb1ec20325b756f95c75722731a9cf0b5595b39f4e61ffc
docs/discovery/evidence/2026-10-07/home-awards-carousel-next.ax.txt,14185,4633a343529e6d1edbe3fe83028ae99d204748937d55c88633e7a947905d5bdf
docs/discovery/evidence/2026-10-07/home-awards-carousel-next.jpg,81607,638fb8d0ddc6c64577fb1e7129cf06f28c6450219ab5754a3563c05c0aad77cb
docs/discovery/evidence/2026-10-07/home-desktop-services-open.ax.txt,11525,c7619b9e31966a888f7508a207415fb13f0c3bfd48d5e2163ccb42115a5ef016
docs/discovery/evidence/2026-10-07/home-desktop-services-open.jpg,518017,ce7d2dbb493fd2ab0143e7ab0e60427ff8b742764960237d03ef7e0e11c88744
docs/discovery/evidence/2026-10-07/home-initial-resources.json,27281,584f36bc4dd194936590e770ed0caef2c1321475e90bd2b95fcf9ac9bb4cbffd
docs/discovery/evidence/2026-10-07/home-mobile-390x844.ax.txt,10175,8924999957e1bb053a7f39e44bae21980f6616771ab04d16cf94a089134a9bac
docs/discovery/evidence/2026-10-07/home-mobile-390x844.jpg,53686,ed368abe36db4bc8809a53a34769b0159ab7f18f96105728b3fcca419e95ec1a
docs/discovery/evidence/2026-10-07/home-mobile-menu-open.ax.txt,10634,0f0a398b476744ac78c463bdbacdfe44fe3e4acb88a8bc80d84d9af3fe0ca16d
docs/discovery/evidence/2026-10-07/home-mobile-menu-open.jpg,17039,f1fe94f98aa94632656938d7cc82234d8ba6f3fc53576c2b4e8a6b1307167465
docs/discovery/evidence/2026-10-07/home-mobile-services-open.ax.txt,11209,8e221627623072b76b7dec1712c57206564d5e5ddbcc0e0a34767901175c7654
docs/discovery/evidence/2026-10-07/home-mobile-services-open.jpg,22280,cad45cbee51baabfc30eb07cc25cde50e1793356778b78104d538bfb42a5f5eb
docs/discovery/evidence/2026-10-07/home-project-carousel-next.ax.txt,11758,a63c4ad520d9fdbada90daf75a14ab7933ff99174187654736afe6f7a6c95ed9
docs/discovery/evidence/2026-10-07/home-project-carousel-next.jpg,99908,1c172a497dc20957ee28343dd0561ac3442ab2d8efa1b354ec49cd3827abd3e8
docs/discovery/evidence/2026-10-07/home-sticky-award-closed.ax.txt,14112,3b37d87d47829d37efbeb32b3ccf478370b5093836dbaaf30b0e29a0af9e0b93
docs/discovery/evidence/2026-10-07/home-sticky-award-closed.jpg,74492,897e964aa0ae6bf99346f8c898ee028803b7b22e60ccc05280cfe7f53d4ef0f9
docs/discovery/evidence/2026-10-07/home-tablet-768x1024.ax.txt,10225,042e1629b054cb8061f636fc91cfa5c42ac70e51eba333481b37ef6180190870
docs/discovery/evidence/2026-10-07/home-tablet-768x1024.jpg,28359,ad8e807695bb211f482a9bdad7f696e30b6f7d253c625bf9e7fbfde560724f74
docs/discovery/evidence/2026-10-07/home-tablet-clean-768x1024.ax.txt,10978,58c1a1b5347b7035071c7ce7eed37ce1d65fb36780bb9b03f0452cc639dd5ce8
docs/discovery/evidence/2026-10-07/home-tablet-clean-768x1024.jpg,92106,1d0d745c159b33a5c4452b7e02a5ef9c6ba74a8e7b1448f16a910244e27cdd8c
docs/discovery/evidence/2026-10-07/home-tablet-menu-open.ax.txt,11663,e30916b00c63dd85960dca9247ac6935a5c4e0de8770d8868288522544ccaa8b
docs/discovery/evidence/2026-10-07/home-tablet-menu-open.jpg,62460,27f462cda85b83d29023de0c63731ec6e6db32a0e68bd62e25d4ed14320ceb54
docs/discovery/evidence/2026-10-07/home.headers.txt,422,d2abbddccae876fd3364c205b7353b7d2badc09b889e06afc97f8df437443bdb
docs/discovery/evidence/2026-10-07/leadership-desktop.ax.txt,10058,f11f5ae22f31d7eca4b0adeeba333d8c3828c2172b53ba03cc10f1fb2510ff28
docs/discovery/evidence/2026-10-07/leadership-desktop.jpg,86724,1c2ca88f47d2657a622698669b5ed2f8812d23db287b6608c9304a78205dc9ab
docs/discovery/evidence/2026-10-07/memberships-desktop.ax.txt,9189,ff7598934eefca6b9d6de88481d1854fbc95d67e852616933f0a7d0e4c621628
docs/discovery/evidence/2026-10-07/memberships-desktop.jpg,133433,aa98af59d27cb77d74010a86e9b2060005b3406814c641770dabd622aae95aa1
docs/discovery/evidence/2026-10-07/modular-desktop.ax.txt,5670,d1e9be5cf83ff50f145db948aa02607285ab6bbe96b7e6da10cb55b874bd0088
docs/discovery/evidence/2026-10-07/modular-desktop.jpg,109396,8ba107a11bbdbf2efa98278dc480d4929fc6aa6ec941b6153ecc7cb263abe859
docs/discovery/evidence/2026-10-07/news-desktop-2023.ax.txt,8250,f48eaaaa64fd016cfd2bb22e89562ac4bd68515621a7a44717a541cd30515ea1
docs/discovery/evidence/2026-10-07/news-desktop-2023.jpg,72073,abf12e5742455553ecf257845bf953e8abc4b0ff085df12cb8fd49dbb5e858de
docs/discovery/evidence/2026-10-07/news-desktop-default.ax.txt,7225,805e9fce3b78e446646ac4b2d9c6bd0af3bde25793a7a4bbe294b67884abb25c
docs/discovery/evidence/2026-10-07/news-desktop-default.jpg,86522,b6d6b290110346ae808d1b45190de4f5dfd5a53b6e141be87f56aba1a117e36a
docs/discovery/evidence/2026-10-07/news-mobile-390x844.ax.txt,6783,7315560f7554ed49f08f84ff7e8f9fe650374d7580bac6d518c97ecbfb294fdf
docs/discovery/evidence/2026-10-07/news-mobile-390x844.jpg,25036,adc2a2bc8cd13c97e78fdbb71bc5c59dd5c2b27691be3c82e679c06c55599496
docs/discovery/evidence/2026-10-07/om-desktop.ax.txt,2871,014cf16ccd41229c1b8016210f44f6ebc03fd0cc16f8696eb9252c78e731eec7
docs/discovery/evidence/2026-10-07/om-desktop.jpg,65753,548c2830b1f00a8d083b3c71be92fbe644338e7a5312960227d02206a8c30b9f
docs/discovery/evidence/2026-10-07/privacy-desktop.ax.txt,4203,0b6f777a05c906507316aa80c11ba1472a48af0aff96e68c8c3d4e04c83b7506
docs/discovery/evidence/2026-10-07/privacy-desktop.jpg,86853,b7e871135f5e0effa9cf80704dc1bd6eaf03cd8f17fcc9fec31046f1746893b9
docs/discovery/evidence/2026-10-07/project-detail-desktop.ax.txt,5295,77693540a61a8c5891f3b1c09912974cb5cbc57bb9766b268c087c45f6d012b4
docs/discovery/evidence/2026-10-07/project-detail-desktop.jpg,98289,e0b1d47ff00dfa01868c0d9ec743939d56978b9730d2a8ea38c45428cd5300cc
docs/discovery/evidence/2026-10-07/project-detail-mobile.ax.txt,4526,d5471a3d6759ba5419a1f6223e67dce6b90c69d20c07a003f5104765b1a51b8c
docs/discovery/evidence/2026-10-07/project-detail-mobile.jpg,37824,5b1e891b1c547a803a966ed974d8559c6bd2e0a92a91f2097267218a5b7d9a63
docs/discovery/evidence/2026-10-07/projects-desktop-1440x900.ax.txt,12043,6631324534e4cf834123b93fcfc371e65cff35b1c0fecfe5e122f45ce01ba748
docs/discovery/evidence/2026-10-07/projects-desktop-1440x900.jpg,104750,4d7e39f4ea39bda7d67c077dc9323a477f65ffd0475785cf6fbc40277cdac9f4
docs/discovery/evidence/2026-10-07/projects-mobile-390x844.ax.txt,11379,a32cfa3a6cc196d3ccaa04a466a536c7ec8cea30040821309f70db63dbec5fa5
docs/discovery/evidence/2026-10-07/projects-mobile-390x844.jpg,42719,2d292dd9ba437788defc9465883fb3282afd25fd93e6e5571ac477c211faf843
docs/discovery/evidence/2026-10-07/robots.headers.txt,255,088a335cb71c633a0e8b682788f77c0395bd6b3fc0e7755be7f07b4ae847842c
docs/discovery/evidence/2026-10-07/robots.txt,124,5ce87b758503e1bfd1c6a8126b90c17013783db9712a5f6590cfe49bcfa7df4a
docs/discovery/evidence/2026-10-07/sitemap-index.headers.txt,373,6940399a5862636f9d8292ca0faf3f9e7821d68bd43cd8057629d3de7d0f2fad
docs/discovery/evidence/2026-10-07/smart-operations-desktop.ax.txt,13430,d767c16d076b5ab3a0f8177716d6cf261cf2befe2543e2d228b99844bf466130
docs/discovery/evidence/2026-10-07/smart-operations-desktop.jpg,134213,adcdd159e1ba1ca8821520cda706407b09901d4fd06995bf0f880af66a0c870c
docs/discovery/evidence/2026-10-07/smart-operations-faq-keyboard.ax.txt,13535,f7d0145fdd61a5ad5f0bc72d2c86e182a73c6f76834545aae6e3e8234cfee714
docs/discovery/evidence/2026-10-07/smart-operations-faq-keyboard.jpg,115673,07af62fc9c23b5707b79676eb64b2e540ffd9838fa7a9c3087ba4ef76fe21714
docs/discovery/evidence/2026-10-07/smart-operations-faq-open.ax.txt,13814,819fa72d65c44b3762de34598c05982ede283dff4e5991a3754765b4b3d7cf2b
docs/discovery/evidence/2026-10-07/smart-operations-faq-open.jpg,98022,795ccb9a5cf34d8a8564b6f941c0385486bcb8529647c7d2e75b7092d301651c
docs/discovery/evidence/2026-10-07/smart-operations-mobile-faq.ax.txt,12806,9a2be6a1865c4d95fa49f4ae64cb4608e2b24624d578fa5155b521962e3637b0
docs/discovery/evidence/2026-10-07/smart-operations-mobile-faq.jpg,39649,3eea31c1045d8129dd2987211b377a4bbca9dae6b525156902dc790ffa504bac
docs/discovery/evidence/2026-10-07/sustainable-desktop.ax.txt,5713,2ff041757df0c975c9b2bdbee39a0d560d6cb803be18d2b93748fe5ad08a5f5e
docs/discovery/evidence/2026-10-07/sustainable-desktop.jpg,125749,dc38270ce4e63623c7a3115d77ac4e2bb3a8ce7b44f772e319c930722439a151
docs/discovery/evidence/2026-10-07/team-profile-desktop.ax.txt,3699,ff75e4b4ccb5cee183eafa1412b93b5ab397f02fa90228e6751cc684dc7b8154
docs/discovery/evidence/2026-10-07/team-profile-desktop.jpg,48562,525048fc9cd14d310e6da93f0ee6e894ce37a2a19fcd932b70bb395ddc7e3f9a
docs/discovery/evidence/2026-10-07/wp-sitemap.headers.txt,184,342737b3534358cd2ba95551053666be5c88478aab32ff3d63f521441cc88bc7
docs/discovery/evidence/2026-10-07/wp-sitemap.xml,1193,319280d1040e47ea26f092953f8eb2f6ec488f48c16ff411e45769a53bb98196
