page_url,element,trigger,expected_behavior,mobile_behavior,keyboard_behavior,integration,evidence,status,observed_at,access_method
https://sterlingandwilsondc.com/,counter.default (5 source widgets),HTML widget reference; runtime unverified except dated browser evidence,Inspect live approved variant before implementation,Not exhaustively tested,Not exhaustively tested,Legacy widget identifier is evidence only; do not import code,docs/discovery/evidence/2026-10-07/5f6f595d1767e426.json,HTML observed; behavior not inferred,2026-10-07T04:07:36+00:00,curl.exe public HTTPS GET; no site code executed
https://sterlingandwilsondc.com/,loop-carousel.post (1 source widgets),HTML widget reference; runtime unverified except dated browser evidence,Inspect live approved variant before implementation,Not exhaustively tested,Not exhaustively tested,Legacy widget identifier is evidence only; do not import code,docs/discovery/evidence/2026-10-07/5f6f595d1767e426.json,HTML observed; behavior not inferred,2026-10-07T04:07:36+00:00,curl.exe public HTTPS GET; no site code executed
https://sterlingandwilsondc.com/,premium-carousel-widget.default (1 source widgets),HTML widget reference; runtime unverified except dated browser evidence,Inspect live approved variant before implementation,Not exhaustively tested,Not exhaustively tested,Legacy widget identifier is evidence only; do not import code,docs/discovery/evidence/2026-10-07/5f6f595d1767e426.json,HTML observed; behavior not inferred,2026-10-07T04:07:36+00:00,curl.exe public HTTPS GET; no site code executed
https://sterlingandwilsondc.com/,video.default (2 source widgets),HTML widget reference; runtime unverified except dated browser evidence,Inspect live approved variant before implementation,Not exhaustively tested,Not exhaustively tested,Legacy widget identifier is evidence only; do not import code,docs/discovery/evidence/2026-10-07/5f6f595d1767e426.json,HTML observed; behavior not inferred,2026-10-07T04:07:36+00:00,curl.exe public HTTPS GET; no site code executed
https://sterlingandwilsondc.com/about-us/,media-carousel.default (1 source widgets),HTML widget reference; runtime unverified except dated browser evidence,Inspect live approved variant before implementation,Not exhaustively tested,Not exhaustively tested,Legacy widget identifier is evidence only; do not import code,docs/discovery/evidence/2026-10-07/25324146eb761a14.json,HTML observed; behavior not inferred,2026-10-07T04:07:42+00:00,curl.exe public HTTPS GET; no site code executed
https://sterlingandwilsondc.com/about-us/,video.default (1 source widgets),HTML widget reference; runtime unverified except dated browser evidence,Inspect live approved variant before implementation,Not exhaustively tested,Not exhaustively tested,Legacy widget identifier is evidence only; do not import code,docs/discovery/evidence/2026-10-07/25324146eb761a14.json,HTML observed; behavior not inferred,2026-10-07T04:07:42+00:00,curl.exe public HTTPS GET; no site code executed
https://sterlingandwilsondc.com/careers-2/,HTML form 1: wpcf7-form init,Not submitted,Source form found; visible flow must be distinguished from hidden/legacy HTML,See browser observations for representative pages; otherwise untested,Not submitted or delivery-tested,"{""action"": ""/careers-2/#wpcf7-f21584-p21582-o1"", ""method"": ""post"", ""enctype"": ""multipart/form-data"", ""class"": ""wpcf7-form init""}",docs/discovery/evidence/2026-10-07/d8c165a4e20020e7.json,HTML observed only; not necessarily visible,2026-10-07T04:08:26+00:00,curl.exe public HTTPS GET; no site code executed
https://sterlingandwilsondc.com/careers-2/,HTML form 2: elementor-form,Not submitted,Source form found; visible flow must be distinguished from hidden/legacy HTML,See browser observations for representative pages; otherwise untested,Not submitted or delivery-tested,"{""method"": ""post"", ""class"": ""elementor-form"", ""name"": ""New Form""}",docs/discovery/evidence/2026-10-07/d8c165a4e20020e7.json,HTML observed only; not necessarily visible,2026-10-07T04:08:26+00:00,curl.exe public HTTPS GET; no site code executed
https://sterlingandwilsondc.com/careers-2/,counter.default (8 source widgets),HTML widget reference; runtime unverified except dated browser evidence,Inspect live approved variant before implementation,Not exhaustively tested,Not exhaustively tested,Legacy widget identifier is evidence only; do not import code,docs/discovery/evidence/2026-10-07/d8c165a4e20020e7.json,HTML observed; behavior not inferred,2026-10-07T04:08:26+00:00,curl.exe public HTTPS GET; no site code executed
https://sterlingandwilsondc.com/careers/,HTML form 1: wpcf7-form init,Not submitted,Source form found; visible flow must be distinguished from hidden/legacy HTML,See browser observations for representative pages; otherwise untested,Not submitted or delivery-tested,"{""action"": ""/careers/#wpcf7-f21584-p35738-o1"", ""method"": ""post"", ""enctype"": ""multipart/form-data"", ""class"": ""wpcf7-form init""}",docs/discovery/evidence/2026-10-07/22fce228e9571e0b.json,HTML observed only; not necessarily visible,2026-10-07T04:07:42+00:00,curl.exe public HTTPS GET; no site code executed
https://sterlingandwilsondc.com/careers/,HTML form 2: elementor-form,Not submitted,Source form found; visible flow must be distinguished from hidden/legacy HTML,See browser observations for representative pages; otherwise untested,Not submitted or delivery-tested,"{""method"": ""post"", ""class"": ""elementor-form"", ""name"": ""New Form""}",docs/discovery/evidence/2026-10-07/22fce228e9571e0b.json,HTML observed only; not necessarily visible,2026-10-07T04:07:42+00:00,curl.exe public HTTPS GET; no site code executed
https://sterlingandwilsondc.com/careers/,counter.default (8 source widgets),HTML widget reference; runtime unverified except dated browser evidence,Inspect live approved variant before implementation,Not exhaustively tested,Not exhaustively tested,Legacy widget identifier is evidence only; do not import code,docs/discovery/evidence/2026-10-07/22fce228e9571e0b.json,HTML observed; behavior not inferred,2026-10-07T04:07:42+00:00,curl.exe public HTTPS GET; no site code executed
https://sterlingandwilsondc.com/contact/,HTML form 1: wpcf7-form init,Not submitted,Source form found; visible flow must be distinguished from hidden/legacy HTML,See browser observations for representative pages; otherwise untested,Not submitted or delivery-tested,"{""action"": ""/contact/#wpcf7-f11861-p21634-o1"", ""method"": ""post"", ""class"": ""wpcf7-form init""}",docs/discovery/evidence/2026-10-07/aa24a90819eaa631.json,HTML observed only; not necessarily visible,2026-10-07T04:07:49+00:00,curl.exe public HTTPS GET; no site code executed
https://sterlingandwilsondc.com/contact/,HTML form 2: elementor-form,Not submitted,Source form found; visible flow must be distinguished from hidden/legacy HTML,See browser observations for representative pages; otherwise untested,Not submitted or delivery-tested,"{""method"": ""post"", ""class"": ""elementor-form"", ""name"": ""New Form""}",docs/discovery/evidence/2026-10-07/aa24a90819eaa631.json,HTML observed only; not necessarily visible,2026-10-07T04:07:49+00:00,curl.exe public HTTPS GET; no site code executed
https://sterlingandwilsondc.com/design-build/,loop-carousel.post (1 source widgets),HTML widget reference; runtime unverified except dated browser evidence,Inspect live approved variant before implementation,Not exhaustively tested,Not exhaustively tested,Legacy widget identifier is evidence only; do not import code,docs/discovery/evidence/2026-10-07/9e47bf7407643f13.json,HTML observed; behavior not inferred,2026-10-07T04:07:50+00:00,curl.exe public HTTPS GET; no site code executed
https://sterlingandwilsondc.com/elementor-hf/my-custom-footer/,counter.default (5 source widgets),HTML widget reference; runtime unverified except dated browser evidence,Inspect live approved variant before implementation,Not exhaustively tested,Not exhaustively tested,Legacy widget identifier is evidence only; do not import code,docs/discovery/evidence/2026-10-07/28f5bd0857dc9030.json,HTML observed; behavior not inferred,2026-10-07T04:08:26+00:00,curl.exe public HTTPS GET; no site code executed
https://sterlingandwilsondc.com/elementor-hf/my-custom-footer/,loop-carousel.post (1 source widgets),HTML widget reference; runtime unverified except dated browser evidence,Inspect live approved variant before implementation,Not exhaustively tested,Not exhaustively tested,Legacy widget identifier is evidence only; do not import code,docs/discovery/evidence/2026-10-07/28f5bd0857dc9030.json,HTML observed; behavior not inferred,2026-10-07T04:08:26+00:00,curl.exe public HTTPS GET; no site code executed
https://sterlingandwilsondc.com/elementor-hf/my-custom-footer/,premium-carousel-widget.default (1 source widgets),HTML widget reference; runtime unverified except dated browser evidence,Inspect live approved variant before implementation,Not exhaustively tested,Not exhaustively tested,Legacy widget identifier is evidence only; do not import code,docs/discovery/evidence/2026-10-07/28f5bd0857dc9030.json,HTML observed; behavior not inferred,2026-10-07T04:08:26+00:00,curl.exe public HTTPS GET; no site code executed
https://sterlingandwilsondc.com/elementor-hf/my-custom-footer/,video.default (2 source widgets),HTML widget reference; runtime unverified except dated browser evidence,Inspect live approved variant before implementation,Not exhaustively tested,Not exhaustively tested,Legacy widget identifier is evidence only; do not import code,docs/discovery/evidence/2026-10-07/28f5bd0857dc9030.json,HTML observed; behavior not inferred,2026-10-07T04:08:26+00:00,curl.exe public HTTPS GET; no site code executed
https://sterlingandwilsondc.com/events/,media-carousel.default (11 source widgets),HTML widget reference; runtime unverified except dated browser evidence,Inspect live approved variant before implementation,Not exhaustively tested,Not exhaustively tested,Legacy widget identifier is evidence only; do not import code,docs/discovery/evidence/2026-10-07/b6176962409ee39e.json,HTML observed; behavior not inferred,2026-10-07T04:07:50+00:00,curl.exe public HTTPS GET; no site code executed
https://sterlingandwilsondc.com/faqs/,HTML form 1: wpcf7-form init,Not submitted,Source form found; visible flow must be distinguished from hidden/legacy HTML,See browser observations for representative pages; otherwise untested,Not submitted or delivery-tested,"{""action"": ""/faqs/#wpcf7-f11861-p13202-o1"", ""method"": ""post"", ""class"": ""wpcf7-form init""}",docs/discovery/evidence/2026-10-07/488881eec7e3f0e9.json,HTML observed only; not necessarily visible,2026-10-07T04:08:26+00:00,curl.exe public HTTPS GET; no site code executed
https://sterlingandwilsondc.com/faqs/,rs-accordions.default (1 source widgets),HTML widget reference; runtime unverified except dated browser evidence,Inspect live approved variant before implementation,Not exhaustively tested,Not exhaustively tested,Legacy widget identifier is evidence only; do not import code,docs/discovery/evidence/2026-10-07/488881eec7e3f0e9.json,HTML observed; behavior not inferred,2026-10-07T04:08:26+00:00,curl.exe public HTTPS GET; no site code executed
https://sterlingandwilsondc.com/home-2-copy/,counter.default (5 source widgets),HTML widget reference; runtime unverified except dated browser evidence,Inspect live approved variant before implementation,Not exhaustively tested,Not exhaustively tested,Legacy widget identifier is evidence only; do not import code,docs/discovery/evidence/2026-10-07/35143a53b958a9cf.json,HTML observed; behavior not inferred,2026-10-07T04:08:26+00:00,curl.exe public HTTPS GET; no site code executed
https://sterlingandwilsondc.com/home-2-copy/,flip-box.default (5 source widgets),HTML widget reference; runtime unverified except dated browser evidence,Inspect live approved variant before implementation,Not exhaustively tested,Not exhaustively tested,Legacy widget identifier is evidence only; do not import code,docs/discovery/evidence/2026-10-07/35143a53b958a9cf.json,HTML observed; behavior not inferred,2026-10-07T04:08:26+00:00,curl.exe public HTTPS GET; no site code executed
https://sterlingandwilsondc.com/home-2-copy/,portfolio-slider.default (1 source widgets),HTML widget reference; runtime unverified except dated browser evidence,Inspect live approved variant before implementation,Not exhaustively tested,Not exhaustively tested,Legacy widget identifier is evidence only; do not import code,docs/discovery/evidence/2026-10-07/35143a53b958a9cf.json,HTML observed; behavior not inferred,2026-10-07T04:08:26+00:00,curl.exe public HTTPS GET; no site code executed
https://sterlingandwilsondc.com/home-2-copy/,rs-testimonial-slider.default (2 source widgets),HTML widget reference; runtime unverified except dated browser evidence,Inspect live approved variant before implementation,Not exhaustively tested,Not exhaustively tested,Legacy widget identifier is evidence only; do not import code,docs/discovery/evidence/2026-10-07/35143a53b958a9cf.json,HTML observed; behavior not inferred,2026-10-07T04:08:26+00:00,curl.exe public HTTPS GET; no site code executed
https://sterlingandwilsondc.com/home-2-copy/,rs-video.default (1 source widgets),HTML widget reference; runtime unverified except dated browser evidence,Inspect live approved variant before implementation,Not exhaustively tested,Not exhaustively tested,Legacy widget identifier is evidence only; do not import code,docs/discovery/evidence/2026-10-07/35143a53b958a9cf.json,HTML observed; behavior not inferred,2026-10-07T04:08:26+00:00,curl.exe public HTTPS GET; no site code executed
https://sterlingandwilsondc.com/home-2-copy/,video.default (3 source widgets),HTML widget reference; runtime unverified except dated browser evidence,Inspect live approved variant before implementation,Not exhaustively tested,Not exhaustively tested,Legacy widget identifier is evidence only; do not import code,docs/discovery/evidence/2026-10-07/35143a53b958a9cf.json,HTML observed; behavior not inferred,2026-10-07T04:08:26+00:00,curl.exe public HTTPS GET; no site code executed
https://sterlingandwilsondc.com/home-copy/,counter.default (10 source widgets),HTML widget reference; runtime unverified except dated browser evidence,Inspect live approved variant before implementation,Not exhaustively tested,Not exhaustively tested,Legacy widget identifier is evidence only; do not import code,docs/discovery/evidence/2026-10-07/c9ba739bb678873c.json,HTML observed; behavior not inferred,2026-10-07T04:08:29+00:00,curl.exe public HTTPS GET; no site code executed
https://sterlingandwilsondc.com/home-copy/,loop-carousel.post (1 source widgets),HTML widget reference; runtime unverified except dated browser evidence,Inspect live approved variant before implementation,Not exhaustively tested,Not exhaustively tested,Legacy widget identifier is evidence only; do not import code,docs/discovery/evidence/2026-10-07/c9ba739bb678873c.json,HTML observed; behavior not inferred,2026-10-07T04:08:29+00:00,curl.exe public HTTPS GET; no site code executed
https://sterlingandwilsondc.com/home-copy/,premium-carousel-widget.default (1 source widgets),HTML widget reference; runtime unverified except dated browser evidence,Inspect live approved variant before implementation,Not exhaustively tested,Not exhaustively tested,Legacy widget identifier is evidence only; do not import code,docs/discovery/evidence/2026-10-07/c9ba739bb678873c.json,HTML observed; behavior not inferred,2026-10-07T04:08:29+00:00,curl.exe public HTTPS GET; no site code executed
https://sterlingandwilsondc.com/home-copy/,video.default (2 source widgets),HTML widget reference; runtime unverified except dated browser evidence,Inspect live approved variant before implementation,Not exhaustively tested,Not exhaustively tested,Legacy widget identifier is evidence only; do not import code,docs/discovery/evidence/2026-10-07/c9ba739bb678873c.json,HTML observed; behavior not inferred,2026-10-07T04:08:29+00:00,curl.exe public HTTPS GET; no site code executed
https://sterlingandwilsondc.com/home-duplicate/,counter.default (10 source widgets),HTML widget reference; runtime unverified except dated browser evidence,Inspect live approved variant before implementation,Not exhaustively tested,Not exhaustively tested,Legacy widget identifier is evidence only; do not import code,docs/discovery/evidence/2026-10-07/5a3ee58bd1636f6f.json,HTML observed; behavior not inferred,2026-10-07T04:08:29+00:00,curl.exe public HTTPS GET; no site code executed
https://sterlingandwilsondc.com/home-duplicate/,portfolio-slider.default (1 source widgets),HTML widget reference; runtime unverified except dated browser evidence,Inspect live approved variant before implementation,Not exhaustively tested,Not exhaustively tested,Legacy widget identifier is evidence only; do not import code,docs/discovery/evidence/2026-10-07/5a3ee58bd1636f6f.json,HTML observed; behavior not inferred,2026-10-07T04:08:29+00:00,curl.exe public HTTPS GET; no site code executed
https://sterlingandwilsondc.com/home-duplicate/,rs-video.default (1 source widgets),HTML widget reference; runtime unverified except dated browser evidence,Inspect live approved variant before implementation,Not exhaustively tested,Not exhaustively tested,Legacy widget identifier is evidence only; do not import code,docs/discovery/evidence/2026-10-07/5a3ee58bd1636f6f.json,HTML observed; behavior not inferred,2026-10-07T04:08:29+00:00,curl.exe public HTTPS GET; no site code executed
https://sterlingandwilsondc.com/home-duplicate/,video.default (2 source widgets),HTML widget reference; runtime unverified except dated browser evidence,Inspect live approved variant before implementation,Not exhaustively tested,Not exhaustively tested,Legacy widget identifier is evidence only; do not import code,docs/discovery/evidence/2026-10-07/5a3ee58bd1636f6f.json,HTML observed; behavior not inferred,2026-10-07T04:08:29+00:00,curl.exe public HTTPS GET; no site code executed
https://sterlingandwilsondc.com/news-press-release/,HTML form 1: fg-layout-3-search-box,Not submitted,Source form found; visible flow must be distinguished from hidden/legacy HTML,See browser observations for representative pages; otherwise untested,Not submitted or delivery-tested,"{""class"": ""fg-layout-3-search-box"", ""id"": ""fg-layout-3-search-box""}",docs/discovery/evidence/2026-10-07/8a655e9987bdba73.json,HTML observed only; not necessarily visible,2026-10-07T04:07:55+00:00,curl.exe public HTTPS GET; no site code executed
https://sterlingandwilsondc.com/news-press-release/,HTML form 2: fg-layout-3-search-box,Not submitted,Source form found; visible flow must be distinguished from hidden/legacy HTML,See browser observations for representative pages; otherwise untested,Not submitted or delivery-tested,"{""class"": ""fg-layout-3-search-box"", ""id"": ""fg-layout-3-search-box""}",docs/discovery/evidence/2026-10-07/8a655e9987bdba73.json,HTML observed only; not necessarily visible,2026-10-07T04:07:55+00:00,curl.exe public HTTPS GET; no site code executed
https://sterlingandwilsondc.com/news-press-release/,eael-filterable-gallery.default (2 source widgets),HTML widget reference; runtime unverified except dated browser evidence,Inspect live approved variant before implementation,Not exhaustively tested,Not exhaustively tested,Legacy widget identifier is evidence only; do not import code,docs/discovery/evidence/2026-10-07/8a655e9987bdba73.json,HTML observed; behavior not inferred,2026-10-07T04:07:55+00:00,curl.exe public HTTPS GET; no site code executed
https://sterlingandwilsondc.com/portfolios/bhamashah-state-data-center-jaipur-india/,image-carousel.default (1 source widgets),HTML widget reference; runtime unverified except dated browser evidence,Inspect live approved variant before implementation,Not exhaustively tested,Not exhaustively tested,Legacy widget identifier is evidence only; do not import code,docs/discovery/evidence/2026-10-07/aa14fac85e8f0299.json,HTML observed; behavior not inferred,2026-10-07T04:07:59+00:00,curl.exe public HTTPS GET; no site code executed
https://sterlingandwilsondc.com/portfolios/colocation-data-center-navi-mumbai-india-2025/,image-carousel.default (1 source widgets),HTML widget reference; runtime unverified except dated browser evidence,Inspect live approved variant before implementation,Not exhaustively tested,Not exhaustively tested,Legacy widget identifier is evidence only; do not import code,docs/discovery/evidence/2026-10-07/9e93e75ea9a1e846.json,HTML observed; behavior not inferred,2026-10-07T04:08:13+00:00,curl.exe public HTTPS GET; no site code executed
https://sterlingandwilsondc.com/portfolios/edgnex-data-center-dammam-ksa-2021/,image-carousel.default (1 source widgets),HTML widget reference; runtime unverified except dated browser evidence,Inspect live approved variant before implementation,Not exhaustively tested,Not exhaustively tested,Legacy widget identifier is evidence only; do not import code,docs/discovery/evidence/2026-10-07/2f1e88eaab497606.json,HTML observed; behavior not inferred,2026-10-07T04:07:59+00:00,curl.exe public HTTPS GET; no site code executed
https://sterlingandwilsondc.com/portfolios/etisalat-db-telecom-mumbai-jaipur-ahmedabad-lucknow-ambala-india/,image-carousel.default (1 source widgets),HTML widget reference; runtime unverified except dated browser evidence,Inspect live approved variant before implementation,Not exhaustively tested,Not exhaustively tested,Legacy widget identifier is evidence only; do not import code,docs/discovery/evidence/2026-10-07/bdcf8d1c2e39716a.json,HTML observed; behavior not inferred,2026-10-07T04:08:13+00:00,curl.exe public HTTPS GET; no site code executed
https://sterlingandwilsondc.com/portfolios/faisal-islamic-bank-cairo-egypt/,image-carousel.default (1 source widgets),HTML widget reference; runtime unverified except dated browser evidence,Inspect live approved variant before implementation,Not exhaustively tested,Not exhaustively tested,Legacy widget identifier is evidence only; do not import code,docs/discovery/evidence/2026-10-07/a306741cff43f451.json,HTML observed; behavior not inferred,2026-10-07T04:08:15+00:00,curl.exe public HTTPS GET; no site code executed
https://sterlingandwilsondc.com/portfolios/global-colocation-data-center-chennai-india/,image-carousel.default (1 source widgets),HTML widget reference; runtime unverified except dated browser evidence,Inspect live approved variant before implementation,Not exhaustively tested,Not exhaustively tested,Legacy widget identifier is evidence only; do not import code,docs/discovery/evidence/2026-10-07/da60934afa379c96.json,HTML observed; behavior not inferred,2026-10-07T04:08:15+00:00,curl.exe public HTTPS GET; no site code executed
https://sterlingandwilsondc.com/portfolios/global-colocation-data-center-navi-mumbai-india/,image-carousel.default (1 source widgets),HTML widget reference; runtime unverified except dated browser evidence,Inspect live approved variant before implementation,Not exhaustively tested,Not exhaustively tested,Legacy widget identifier is evidence only; do not import code,docs/discovery/evidence/2026-10-07/7c3de56f04b4218d.json,HTML observed; behavior not inferred,2026-10-07T04:08:15+00:00,curl.exe public HTTPS GET; no site code executed
https://sterlingandwilsondc.com/portfolios/global-colocation-data-center-pune-india-2021/,image-carousel.default (1 source widgets),HTML widget reference; runtime unverified except dated browser evidence,Inspect live approved variant before implementation,Not exhaustively tested,Not exhaustively tested,Legacy widget identifier is evidence only; do not import code,docs/discovery/evidence/2026-10-07/b6536eba90e34f92.json,HTML observed; behavior not inferred,2026-10-07T04:07:59+00:00,curl.exe public HTTPS GET; no site code executed
https://sterlingandwilsondc.com/portfolios/hyperscaler-data-center-hyderabad-india/,image-carousel.default (1 source widgets),HTML widget reference; runtime unverified except dated browser evidence,Inspect live approved variant before implementation,Not exhaustively tested,Not exhaustively tested,Legacy widget identifier is evidence only; do not import code,docs/discovery/evidence/2026-10-07/b774278270611fc0.json,HTML observed; behavior not inferred,2026-10-07T04:08:05+00:00,curl.exe public HTTPS GET; no site code executed
https://sterlingandwilsondc.com/portfolios/hyperscaler-data-center-mumbai-india-2021/,image-carousel.default (1 source widgets),HTML widget reference; runtime unverified except dated browser evidence,Inspect live approved variant before implementation,Not exhaustively tested,Not exhaustively tested,Legacy widget identifier is evidence only; do not import code,docs/discovery/evidence/2026-10-07/b787afc0564e6ae0.json,HTML observed; behavior not inferred,2026-10-07T04:08:19+00:00,curl.exe public HTTPS GET; no site code executed
https://sterlingandwilsondc.com/portfolios/mainone-dc-accra-ghana/,image-carousel.default (1 source widgets),HTML widget reference; runtime unverified except dated browser evidence,Inspect live approved variant before implementation,Not exhaustively tested,Not exhaustively tested,Legacy widget identifier is evidence only; do not import code,docs/discovery/evidence/2026-10-07/7e9613a97fac10c2.json,HTML observed; behavior not inferred,2026-10-07T04:08:19+00:00,curl.exe public HTTPS GET; no site code executed
https://sterlingandwilsondc.com/portfolios/national-information-center-nic-hyderabad-india/,image-carousel.default (1 source widgets),HTML widget reference; runtime unverified except dated browser evidence,Inspect live approved variant before implementation,Not exhaustively tested,Not exhaustively tested,Legacy widget identifier is evidence only; do not import code,docs/discovery/evidence/2026-10-07/5377fc295e4b14f5.json,HTML observed; behavior not inferred,2026-10-07T04:08:19+00:00,curl.exe public HTTPS GET; no site code executed
https://sterlingandwilsondc.com/portfolios/national-securities-depository-ltd-nsdl-bangalore-india/,image-carousel.default (1 source widgets),HTML widget reference; runtime unverified except dated browser evidence,Inspect live approved variant before implementation,Not exhaustively tested,Not exhaustively tested,Legacy widget identifier is evidence only; do not import code,docs/discovery/evidence/2026-10-07/8d66d9b2d6a380cf.json,HTML observed; behavior not inferred,2026-10-07T04:08:19+00:00,curl.exe public HTTPS GET; no site code executed
https://sterlingandwilsondc.com/portfolios/national-stock-exchange-chennai-india/,image-carousel.default (1 source widgets),HTML widget reference; runtime unverified except dated browser evidence,Inspect live approved variant before implementation,Not exhaustively tested,Not exhaustively tested,Legacy widget identifier is evidence only; do not import code,docs/discovery/evidence/2026-10-07/0f2aff7a62a241ad.json,HTML observed; behavior not inferred,2026-10-07T04:08:21+00:00,curl.exe public HTTPS GET; no site code executed
https://sterlingandwilsondc.com/portfolios/raxio-dr-congo/,image-carousel.default (1 source widgets),HTML widget reference; runtime unverified except dated browser evidence,Inspect live approved variant before implementation,Not exhaustively tested,Not exhaustively tested,Legacy widget identifier is evidence only; do not import code,docs/discovery/evidence/2026-10-07/a8a2e0d15bce470e.json,HTML observed; behavior not inferred,2026-10-07T04:08:05+00:00,curl.exe public HTTPS GET; no site code executed
https://sterlingandwilsondc.com/portfolios/software-technology-parks-of-india-stpi/,image-carousel.default (1 source widgets),HTML widget reference; runtime unverified except dated browser evidence,Inspect live approved variant before implementation,Not exhaustively tested,Not exhaustively tested,Legacy widget identifier is evidence only; do not import code,docs/discovery/evidence/2026-10-07/684bb744b18cca47.json,HTML observed; behavior not inferred,2026-10-07T04:08:21+00:00,curl.exe public HTTPS GET; no site code executed
https://sterlingandwilsondc.com/portfolios/telecom-egypt-cloud-hub-dc-cairo-egypt/,image-carousel.default (1 source widgets),HTML widget reference; runtime unverified except dated browser evidence,Inspect live approved variant before implementation,Not exhaustively tested,Not exhaustively tested,Legacy widget identifier is evidence only; do not import code,docs/discovery/evidence/2026-10-07/3c143de6f18cb9a7.json,HTML observed; behavior not inferred,2026-10-07T04:08:05+00:00,curl.exe public HTTPS GET; no site code executed
https://sterlingandwilsondc.com/portfolios/telecom-egypt-nn1-cairo-egypt/,image-carousel.default (1 source widgets),HTML widget reference; runtime unverified except dated browser evidence,Inspect live approved variant before implementation,Not exhaustively tested,Not exhaustively tested,Legacy widget identifier is evidence only; do not import code,docs/discovery/evidence/2026-10-07/e8b68f02209bd523.json,HTML observed; behavior not inferred,2026-10-07T04:08:21+00:00,curl.exe public HTTPS GET; no site code executed
https://sterlingandwilsondc.com/portfolios/vodafone-india-limited-chennai-india/,image-carousel.default (1 source widgets),HTML widget reference; runtime unverified except dated browser evidence,Inspect live approved variant before implementation,Not exhaustively tested,Not exhaustively tested,Legacy widget identifier is evidence only; do not import code,docs/discovery/evidence/2026-10-07/2cabeaa371532145.json,HTML observed; behavior not inferred,2026-10-07T04:08:09+00:00,curl.exe public HTTPS GET; no site code executed
https://sterlingandwilsondc.com/portfolios/vodafone-vois-cairo-egypt/,image-carousel.default (1 source widgets),HTML widget reference; runtime unverified except dated browser evidence,Inspect live approved variant before implementation,Not exhaustively tested,Not exhaustively tested,Legacy widget identifier is evidence only; do not import code,docs/discovery/evidence/2026-10-07/587c17fb97ccfd0a.json,HTML observed; behavior not inferred,2026-10-07T04:08:21+00:00,curl.exe public HTTPS GET; no site code executed
https://sterlingandwilsondc.com/privacy-policy/,eael-adv-accordion.default (1 source widgets),HTML widget reference; runtime unverified except dated browser evidence,Inspect live approved variant before implementation,Not exhaustively tested,Not exhaustively tested,Legacy widget identifier is evidence only; do not import code,docs/discovery/evidence/2026-10-07/cc05cc7c49f30967.json,HTML observed; behavior not inferred,2026-10-07T04:08:05+00:00,curl.exe public HTTPS GET; no site code executed
https://sterlingandwilsondc.com/smart-operations-old-2/,eael-adv-accordion.default (1 source widgets),HTML widget reference; runtime unverified except dated browser evidence,Inspect live approved variant before implementation,Not exhaustively tested,Not exhaustively tested,Legacy widget identifier is evidence only; do not import code,docs/discovery/evidence/2026-10-07/32c19382fb03633b.json,HTML observed; behavior not inferred,2026-10-07T04:08:33+00:00,curl.exe public HTTPS GET; no site code executed
https://sterlingandwilsondc.com/smart-operations/,eael-adv-accordion.default (2 source widgets),HTML widget reference; runtime unverified except dated browser evidence,Inspect live approved variant before implementation,Not exhaustively tested,Not exhaustively tested,Legacy widget identifier is evidence only; do not import code,docs/discovery/evidence/2026-10-07/d774a34b79efaca7.json,HTML observed; behavior not inferred,2026-10-07T04:08:09+00:00,curl.exe public HTTPS GET; no site code executed
https://sterlingandwilsondc.com/test-project-page/,HTML form 1: wpcf7-form init,Not submitted,Source form found; visible flow must be distinguished from hidden/legacy HTML,See browser observations for representative pages; otherwise untested,Not submitted or delivery-tested,"{""action"": ""/test-project-page/#wpcf7-f11861-p34106-o1"", ""method"": ""post"", ""class"": ""wpcf7-form init""}",docs/discovery/evidence/2026-10-07/d22ded80faec58b0.json,HTML observed only; not necessarily visible,2026-10-07T04:08:38+00:00,curl.exe public HTTPS GET; no site code executed
https://sterlingandwilsondc.com/test-project-page/,HTML form 2: elementor-form,Not submitted,Source form found; visible flow must be distinguished from hidden/legacy HTML,See browser observations for representative pages; otherwise untested,Not submitted or delivery-tested,"{""method"": ""post"", ""class"": ""elementor-form"", ""name"": ""New Form""}",docs/discovery/evidence/2026-10-07/d22ded80faec58b0.json,HTML observed only; not necessarily visible,2026-10-07T04:08:38+00:00,curl.exe public HTTPS GET; no site code executed
https://sterlingandwilsondc.com/test-project-page/,portfolio-slider.default (1 source widgets),HTML widget reference; runtime unverified except dated browser evidence,Inspect live approved variant before implementation,Not exhaustively tested,Not exhaustively tested,Legacy widget identifier is evidence only; do not import code,docs/discovery/evidence/2026-10-07/d22ded80faec58b0.json,HTML observed; behavior not inferred,2026-10-07T04:08:38+00:00,curl.exe public HTTPS GET; no site code executed
https://sterlingandwilsondc.com/testing-page/,HTML form 1: wpcf7-form init,Not submitted,Source form found; visible flow must be distinguished from hidden/legacy HTML,See browser observations for representative pages; otherwise untested,Not submitted or delivery-tested,"{""action"": ""/testing-page/#wpcf7-f32296-p30125-o1"", ""method"": ""post"", ""class"": ""wpcf7-form init""}",docs/discovery/evidence/2026-10-07/92e67410f7b113ed.json,HTML observed only; not necessarily visible,2026-10-07T04:08:40+00:00,curl.exe public HTTPS GET; no site code executed
https://sterlingandwilsondc.com/testing-page/,HTML form 2: wpcf7-form init,Not submitted,Source form found; visible flow must be distinguished from hidden/legacy HTML,See browser observations for representative pages; otherwise untested,Not submitted or delivery-tested,"{""action"": ""/testing-page/#wpcf7-f11861-p30125-o2"", ""method"": ""post"", ""class"": ""wpcf7-form init""}",docs/discovery/evidence/2026-10-07/92e67410f7b113ed.json,HTML observed only; not necessarily visible,2026-10-07T04:08:40+00:00,curl.exe public HTTPS GET; no site code executed
https://sterlingandwilsondc.com/testing-page/,flip-box.default (6 source widgets),HTML widget reference; runtime unverified except dated browser evidence,Inspect live approved variant before implementation,Not exhaustively tested,Not exhaustively tested,Legacy widget identifier is evidence only; do not import code,docs/discovery/evidence/2026-10-07/92e67410f7b113ed.json,HTML observed; behavior not inferred,2026-10-07T04:08:40+00:00,curl.exe public HTTPS GET; no site code executed
https://sterlingandwilsondc.com/,home-desktop-services-open,Focus Services link and press Enter,Five service links exposed; trigger aria-expanded=true and receives focus. Escape collapsed the desktop submenu and retained trigger focus in this test.,See separate mobile captures,Observed key action: Focus Services link and press Enter,"No live form submission, upload or mail delivery",docs/discovery/evidence/2026-10-07/home-desktop-services-open.jpg; docs/discovery/evidence/2026-10-07/home-desktop-services-open.ax.txt; docs/discovery/evidence/2026-10-07/browser-observations.json,live UI observed; limited to recorded state,2026-10-07T04:08:42.477Z,Codex in-app browser; live public reference UI
https://sterlingandwilsondc.com/,home-mobile-390x844,Set mobile viewport; menu closed,Nine-dot menu trigger has no accessible name; header collapses; sticky award overlaps lower-right content. Full-page mobile capture failed; viewport captured instead.,"Observed at {'width': 390, 'height': 844}",No complete keyboard traversal,"No live form submission, upload or mail delivery",docs/discovery/evidence/2026-10-07/home-mobile-390x844.jpg; docs/discovery/evidence/2026-10-07/home-mobile-390x844.ax.txt; docs/discovery/evidence/2026-10-07/browser-observations.json,live UI observed; limited to recorded state,2026-10-07T04:09:26.685Z,Codex in-app browser; live public reference UI
https://sterlingandwilsondc.com/,home-mobile-menu-open,Press Enter on nine-dot menu trigger,Menu popup appears with Home/About Us/Projects/Services/Media/Careers/Contact and Close; initial focus remains on trigger.,"Observed at {'width': 390, 'height': 844}",Observed key action: Press Enter on nine-dot menu trigger,"No live form submission, upload or mail delivery",docs/discovery/evidence/2026-10-07/home-mobile-menu-open.jpg; docs/discovery/evidence/2026-10-07/home-mobile-menu-open.ax.txt; docs/discovery/evidence/2026-10-07/browser-observations.json,live UI observed; limited to recorded state,2026-10-07T04:09:33.316Z,Codex in-app browser; live public reference UI
https://sterlingandwilsondc.com/,home-mobile-services-open,Press Enter on popup Services link,Enter exposes five Services submenu links in accessibility tree. Escape from Services did not dismiss popup in this test; full focus trap/return untested.,"Observed at {'width': 390, 'height': 844}",Observed key action: Press Enter on popup Services link,"No live form submission, upload or mail delivery",docs/discovery/evidence/2026-10-07/home-mobile-services-open.jpg; docs/discovery/evidence/2026-10-07/home-mobile-services-open.ax.txt; docs/discovery/evidence/2026-10-07/browser-observations.json,live UI observed; limited to recorded state,2026-10-07T04:09:42.722Z,Codex in-app browser; live public reference UI
https://sterlingandwilsondc.com/,home-tablet-768x1024,Set tablet width after Escape,Preliminary tablet capture retained popup state from mobile; not a clean default. Superseded by home-tablet-clean-768x1024.jpg (named Menu Toggle hamburger).,"Observed at {'width': 768, 'height': 1024}",Observed key action: Set tablet width after Escape,"No live form submission, upload or mail delivery",docs/discovery/evidence/2026-10-07/home-tablet-768x1024.jpg; docs/discovery/evidence/2026-10-07/home-tablet-768x1024.ax.txt; docs/discovery/evidence/2026-10-07/browser-observations.json,live UI observed; limited to recorded state,2026-10-07T04:09:44.685Z,Codex in-app browser; live public reference UI
https://sterlingandwilsondc.com/projects/,projects-desktop-1440x900,Navigate Projects,20 project cards; no filter/search/pagination control in rendered Projects accessibility tree.,See separate mobile captures,No complete keyboard traversal,"No live form submission, upload or mail delivery",docs/discovery/evidence/2026-10-07/projects-desktop-1440x900.jpg; docs/discovery/evidence/2026-10-07/projects-desktop-1440x900.ax.txt; docs/discovery/evidence/2026-10-07/browser-observations.json,live UI observed; limited to recorded state,2026-10-07T04:10:03.921Z,Codex in-app browser; live public reference UI
https://sterlingandwilsondc.com/projects/,projects-mobile-390x844,Set mobile width,Project cards use one column; project links retain /portfolios/ paths.,"Observed at {'width': 390, 'height': 844}",No complete keyboard traversal,"No live form submission, upload or mail delivery",docs/discovery/evidence/2026-10-07/projects-mobile-390x844.jpg; docs/discovery/evidence/2026-10-07/projects-mobile-390x844.ax.txt; docs/discovery/evidence/2026-10-07/browser-observations.json,live UI observed; limited to recorded state,2026-10-07T04:10:05.029Z,Codex in-app browser; live public reference UI
https://sterlingandwilsondc.com/contact/,contact-desktop-1440x900,Inspect form; no input values or submission,Name/email/phone/company/service/location/message plus two required consent checkboxes; visible Elementor form. CF7 form also exists in source but is not in visible tree.,See separate mobile captures,No complete keyboard traversal,"No live form submission, upload or mail delivery",docs/discovery/evidence/2026-10-07/contact-desktop-1440x900.jpg; docs/discovery/evidence/2026-10-07/contact-desktop-1440x900.ax.txt; docs/discovery/evidence/2026-10-07/browser-observations.json,live UI observed; limited to recorded state,2026-10-07T04:11:00.896Z,Codex in-app browser; live public reference UI
https://sterlingandwilsondc.com/contact/,contact-service-selected,Select Smart Operations without submitting,Native service select updates; form remains empty and unsubmitted.,See separate mobile captures,No complete keyboard traversal,"No live form submission, upload or mail delivery",docs/discovery/evidence/2026-10-07/contact-service-selected.jpg; docs/discovery/evidence/2026-10-07/contact-service-selected.ax.txt; docs/discovery/evidence/2026-10-07/browser-observations.json,live UI observed; limited to recorded state,2026-10-07T04:11:01.159Z,Codex in-app browser; live public reference UI
https://sterlingandwilsondc.com/contact/,contact-mobile-390x844,Set mobile width; no submission,Contact content stacks; form fields available in tree; no delivery/error/success test.,"Observed at {'width': 390, 'height': 844}",No complete keyboard traversal,"No live form submission, upload or mail delivery",docs/discovery/evidence/2026-10-07/contact-mobile-390x844.jpg; docs/discovery/evidence/2026-10-07/contact-mobile-390x844.ax.txt; docs/discovery/evidence/2026-10-07/browser-observations.json,live UI observed; limited to recorded state,2026-10-07T04:11:01.470Z,Codex in-app browser; live public reference UI
https://sterlingandwilsondc.com/careers/,careers-desktop-1440x900,Inspect Careers without following Apply Now,Rendered page uses external Darwinbox Apply Now link; no visible onsite application form. Two forms and demo-job links exist only in fetched source.,See separate mobile captures,No complete keyboard traversal,"No live form submission, upload or mail delivery",docs/discovery/evidence/2026-10-07/careers-desktop-1440x900.jpg; docs/discovery/evidence/2026-10-07/careers-desktop-1440x900.ax.txt; docs/discovery/evidence/2026-10-07/browser-observations.json,live UI observed; limited to recorded state,2026-10-07T04:12:32.389Z,Codex in-app browser; live public reference UI
https://sterlingandwilsondc.com/careers/,careers-opportunities-desktop,Scroll to Current Opportunities,Current Opportunities points to SterlingOne Darwinbox. No personal data entered or uploaded.,See separate mobile captures,No complete keyboard traversal,"No live form submission, upload or mail delivery",docs/discovery/evidence/2026-10-07/careers-opportunities-desktop.jpg; docs/discovery/evidence/2026-10-07/careers-opportunities-desktop.ax.txt; docs/discovery/evidence/2026-10-07/browser-observations.json,live UI observed; limited to recorded state,2026-10-07T04:12:33.017Z,Codex in-app browser; live public reference UI
https://sterlingandwilsondc.com/careers/,careers-mobile-390x844,Inspect Careers at mobile width,Responsive screenshot captured at current scrolled position; Apply Now remains external.,"Observed at {'width': 390, 'height': 844}",No complete keyboard traversal,"No live form submission, upload or mail delivery",docs/discovery/evidence/2026-10-07/careers-mobile-390x844.jpg; docs/discovery/evidence/2026-10-07/careers-mobile-390x844.ax.txt; docs/discovery/evidence/2026-10-07/browser-observations.json,live UI observed; limited to recorded state,2026-10-07T04:12:33.411Z,Codex in-app browser; live public reference UI
https://sterlingandwilsondc.com/smart-operations/,smart-operations-desktop,Navigate Smart Operations,"Service has CTA to contact and five FAQ items, in two accordion widgets.",See separate mobile captures,No complete keyboard traversal,"No live form submission, upload or mail delivery",docs/discovery/evidence/2026-10-07/smart-operations-desktop.jpg; docs/discovery/evidence/2026-10-07/smart-operations-desktop.ax.txt; docs/discovery/evidence/2026-10-07/browser-observations.json,live UI observed; limited to recorded state,2026-10-07T04:12:44.821Z,Codex in-app browser; live public reference UI
https://sterlingandwilsondc.com/smart-operations/,smart-operations-faq-open,Click first FAQ,First answer expands; trigger parent is DIV tabindex=0 with no button role.,See separate mobile captures,No complete keyboard traversal,"No live form submission, upload or mail delivery",docs/discovery/evidence/2026-10-07/smart-operations-faq-open.jpg; docs/discovery/evidence/2026-10-07/smart-operations-faq-open.ax.txt; docs/discovery/evidence/2026-10-07/browser-observations.json,live UI observed; limited to recorded state,2026-10-07T04:12:53.061Z,Codex in-app browser; live public reference UI
https://sterlingandwilsondc.com/smart-operations/,smart-operations-faq-keyboard,Press Enter on focused FAQ DIV,Enter on focused FAQ DIV did not toggle the open answer. Pointer expansion worked; trigger parent DIV tabindex=0 has no button role.,See separate mobile captures,Observed key action: Press Enter on focused FAQ DIV,"No live form submission, upload or mail delivery",docs/discovery/evidence/2026-10-07/smart-operations-faq-keyboard.jpg; docs/discovery/evidence/2026-10-07/smart-operations-faq-keyboard.ax.txt; docs/discovery/evidence/2026-10-07/browser-observations.json,live UI observed; limited to recorded state,2026-10-07T04:12:53.521Z,Codex in-app browser; live public reference UI
https://sterlingandwilsondc.com/smart-operations/,smart-operations-mobile-faq,Set mobile width at FAQ section,Mobile FAQ screenshot at scrolled position.,"Observed at {'width': 390, 'height': 844}",No complete keyboard traversal,"No live form submission, upload or mail delivery",docs/discovery/evidence/2026-10-07/smart-operations-mobile-faq.jpg; docs/discovery/evidence/2026-10-07/smart-operations-mobile-faq.ax.txt; docs/discovery/evidence/2026-10-07/browser-observations.json,live UI observed; limited to recorded state,2026-10-07T04:12:54.028Z,Codex in-app browser; live public reference UI
https://sterlingandwilsondc.com/news-press-release/,news-desktop-default,Navigate News & Press Release,"Separate year dropdowns: In the News defaults 2026, Press Release defaults 2024; two search forms exist only in source.",See separate mobile captures,No complete keyboard traversal,"No live form submission, upload or mail delivery",docs/discovery/evidence/2026-10-07/news-desktop-default.jpg; docs/discovery/evidence/2026-10-07/news-desktop-default.ax.txt; docs/discovery/evidence/2026-10-07/browser-observations.json,live UI observed; limited to recorded state,2026-10-07T04:13:20.227Z,Codex in-app browser; live public reference UI
https://sterlingandwilsondc.com/news-press-release/,news-desktop-2023,Choose 2023 in In the News dropdown,Year selection changes visible news cards; Press Release retains 2024.,See separate mobile captures,No complete keyboard traversal,"No live form submission, upload or mail delivery",docs/discovery/evidence/2026-10-07/news-desktop-2023.jpg; docs/discovery/evidence/2026-10-07/news-desktop-2023.ax.txt; docs/discovery/evidence/2026-10-07/browser-observations.json,live UI observed; limited to recorded state,2026-10-07T04:13:29.998Z,Codex in-app browser; live public reference UI
https://sterlingandwilsondc.com/news-press-release/,news-mobile-390x844,Set mobile width after year selection,Both year selectors remain in accessibility tree; only desktop dropdown selection tested.,"Observed at {'width': 390, 'height': 844}",No complete keyboard traversal,"No live form submission, upload or mail delivery",docs/discovery/evidence/2026-10-07/news-mobile-390x844.jpg; docs/discovery/evidence/2026-10-07/news-mobile-390x844.ax.txt; docs/discovery/evidence/2026-10-07/browser-observations.json,live UI observed; limited to recorded state,2026-10-07T04:13:30.362Z,Codex in-app browser; live public reference UI
https://sterlingandwilsondc.com/portfolios/global-colocation-data-center-pune-india-2021/,project-detail-desktop,Navigate Pune project detail,"Single-image gallery (1 of 1), Next project link, scope/highlights/certification and Enquire Now link to contact.",See separate mobile captures,No complete keyboard traversal,"No live form submission, upload or mail delivery",docs/discovery/evidence/2026-10-07/project-detail-desktop.jpg; docs/discovery/evidence/2026-10-07/project-detail-desktop.ax.txt; docs/discovery/evidence/2026-10-07/browser-observations.json,live UI observed; limited to recorded state,2026-10-07T04:14:33.914Z,Codex in-app browser; live public reference UI
https://sterlingandwilsondc.com/portfolios/global-colocation-data-center-pune-india-2021/,project-detail-mobile,Set mobile width,Project detail content and Next/Enquire links remain available; single gallery image.,"Observed at {'width': 390, 'height': 844}",No complete keyboard traversal,"No live form submission, upload or mail delivery",docs/discovery/evidence/2026-10-07/project-detail-mobile.jpg; docs/discovery/evidence/2026-10-07/project-detail-mobile.ax.txt; docs/discovery/evidence/2026-10-07/browser-observations.json,live UI observed; limited to recorded state,2026-10-07T04:14:34.629Z,Codex in-app browser; live public reference UI
https://sterlingandwilsondc.com/,home-tablet-clean-768x1024,Navigate homepage at tablet width with menu closed,"Tablet uses named Menu Toggle hamburger, distinct from mobile nine-dot popup; hero may be still loading in capture.","Observed at {'width': 768, 'height': 1024}",No complete keyboard traversal,"No live form submission, upload or mail delivery",docs/discovery/evidence/2026-10-07/home-tablet-clean-768x1024.jpg; docs/discovery/evidence/2026-10-07/home-tablet-clean-768x1024.ax.txt; docs/discovery/evidence/2026-10-07/browser-observations.json,live UI observed; limited to recorded state,2026-10-07T04:14:48.532Z,Codex in-app browser; live public reference UI
https://sterlingandwilsondc.com/,home-tablet-menu-open,Press Enter on Menu Toggle,Tablet dropdown navigation opens in the header.,"Observed at {'width': 768, 'height': 1024}",Observed key action: Press Enter on Menu Toggle,"No live form submission, upload or mail delivery",docs/discovery/evidence/2026-10-07/home-tablet-menu-open.jpg; docs/discovery/evidence/2026-10-07/home-tablet-menu-open.ax.txt; docs/discovery/evidence/2026-10-07/browser-observations.json,live UI observed; limited to recorded state,2026-10-07T04:14:48.954Z,Codex in-app browser; live public reference UI
https://sterlingandwilsondc.com/,home-project-carousel-next,Press Enter on Next slide,Project carousel responds to keyboard activation; six featured project links (autoplay makes position time dependent).,See separate mobile captures,Observed key action: Press Enter on Next slide,"No live form submission, upload or mail delivery",docs/discovery/evidence/2026-10-07/home-project-carousel-next.jpg; docs/discovery/evidence/2026-10-07/home-project-carousel-next.ax.txt; docs/discovery/evidence/2026-10-07/browser-observations.json,live UI observed; limited to recorded state,2026-10-07T04:14:50.098Z,Codex in-app browser; live public reference UI
https://sterlingandwilsondc.com/,home-awards-carousel-next,Click awards Next after keyboard press failed,Pointer Next works; Enter action could not focus this control (A role=button without href/tabindex). Autoplay timing remains variable.,See separate mobile captures,Observed key action: Click awards Next after keyboard press failed,"No live form submission, upload or mail delivery",docs/discovery/evidence/2026-10-07/home-awards-carousel-next.jpg; docs/discovery/evidence/2026-10-07/home-awards-carousel-next.ax.txt; docs/discovery/evidence/2026-10-07/browser-observations.json,live UI observed; limited to recorded state,2026-10-07T04:17:35.597Z,Codex in-app browser; live public reference UI
https://sterlingandwilsondc.com/,home-sticky-award-closed,Click Close on sticky award,Sticky award removed from current page state; reload persistence untested.,See separate mobile captures,No complete keyboard traversal,"No live form submission, upload or mail delivery",docs/discovery/evidence/2026-10-07/home-sticky-award-closed.jpg; docs/discovery/evidence/2026-10-07/home-sticky-award-closed.ax.txt; docs/discovery/evidence/2026-10-07/browser-observations.json,live UI observed; limited to recorded state,2026-10-07T04:17:37.846Z,Codex in-app browser; live public reference UI
https://sterlingandwilsondc.com/about-us/,about-desktop,Navigate source-linked representative route,Desktop viewport and full accessibility snapshot captured; no exhaustive keyboard traversal.,See separate mobile captures,No complete keyboard traversal,"No live form submission, upload or mail delivery",docs/discovery/evidence/2026-10-07/about-desktop.jpg; docs/discovery/evidence/2026-10-07/about-desktop.ax.txt; docs/discovery/evidence/2026-10-07/browser-observations.json,live UI observed; limited to recorded state,2026-10-07T04:17:56.163Z,Codex in-app browser; live public reference UI
https://sterlingandwilsondc.com/design-build/,design-build-desktop,Inspect loaded source-linked representative service,Desktop layout and complete accessibility tree captured; carousel and enquiry CTA present.,See separate mobile captures,No complete keyboard traversal,"No live form submission, upload or mail delivery",docs/discovery/evidence/2026-10-07/design-build-desktop.jpg; docs/discovery/evidence/2026-10-07/design-build-desktop.ax.txt; docs/discovery/evidence/2026-10-07/browser-observations.json,live UI observed; limited to recorded state,2026-10-07T04:18:40.350Z,Codex in-app browser; live public reference UI
https://sterlingandwilsondc.com/leadership/,leadership-desktop,Navigate Leadership,Desktop viewport and full accessibility snapshot captured; no exhaustive keyboard traversal.,See separate mobile captures,No complete keyboard traversal,"No live form submission, upload or mail delivery",docs/discovery/evidence/2026-10-07/leadership-desktop.jpg; docs/discovery/evidence/2026-10-07/leadership-desktop.ax.txt; docs/discovery/evidence/2026-10-07/browser-observations.json,live UI observed; limited to recorded state,2026-10-07T04:18:45.983Z,Codex in-app browser; live public reference UI
https://sterlingandwilsondc.com/teams/prasanna-sarambale/,team-profile-desktop,Navigate source-linked representative route,Desktop viewport and full accessibility tree captured; no exhaustive keyboard traversal.,See separate mobile captures,No complete keyboard traversal,"No live form submission, upload or mail delivery",docs/discovery/evidence/2026-10-07/team-profile-desktop.jpg; docs/discovery/evidence/2026-10-07/team-profile-desktop.ax.txt; docs/discovery/evidence/2026-10-07/browser-observations.json,live UI observed; limited to recorded state,2026-10-07T04:18:59.340Z,Codex in-app browser; live public reference UI
https://sterlingandwilsondc.com/events/,events-desktop,Navigate source-linked representative route,Desktop viewport and full accessibility tree captured; no exhaustive keyboard traversal.,See separate mobile captures,No complete keyboard traversal,"No live form submission, upload or mail delivery",docs/discovery/evidence/2026-10-07/events-desktop.jpg; docs/discovery/evidence/2026-10-07/events-desktop.ax.txt; docs/discovery/evidence/2026-10-07/browser-observations.json,live UI observed; limited to recorded state,2026-10-07T04:19:07.074Z,Codex in-app browser; live public reference UI
https://sterlingandwilsondc.com/corporate-governance/,governance-desktop,Navigate source-linked representative route,Desktop viewport and full accessibility tree captured; no exhaustive keyboard traversal.,See separate mobile captures,No complete keyboard traversal,"No live form submission, upload or mail delivery",docs/discovery/evidence/2026-10-07/governance-desktop.jpg; docs/discovery/evidence/2026-10-07/governance-desktop.ax.txt; docs/discovery/evidence/2026-10-07/browser-observations.json,live UI observed; limited to recorded state,2026-10-07T04:19:37.630Z,Codex in-app browser; live public reference UI
https://sterlingandwilsondc.com/the-ai-infrastructure-race-why-future-data-centres-must-be-ai-ready/,blog-article-desktop,Navigate source-linked representative route,Desktop viewport and full accessibility tree captured; no exhaustive keyboard traversal.,See separate mobile captures,No complete keyboard traversal,"No live form submission, upload or mail delivery",docs/discovery/evidence/2026-10-07/blog-article-desktop.jpg; docs/discovery/evidence/2026-10-07/blog-article-desktop.ax.txt; docs/discovery/evidence/2026-10-07/browser-observations.json,live UI observed; limited to recorded state,2026-10-07T04:19:39.581Z,Codex in-app browser; live public reference UI
https://sterlingandwilsondc.com/awards-recognitions/,awards-desktop,Navigate source-linked representative route,Desktop viewport and full accessibility tree captured; no exhaustive keyboard traversal.,See separate mobile captures,No complete keyboard traversal,"No live form submission, upload or mail delivery",docs/discovery/evidence/2026-10-07/awards-desktop.jpg; docs/discovery/evidence/2026-10-07/awards-desktop.ax.txt; docs/discovery/evidence/2026-10-07/browser-observations.json,live UI observed; limited to recorded state,2026-10-07T04:20:30.707Z,Codex in-app browser; live public reference UI
https://sterlingandwilsondc.com/industry-memberships-and-recognitions/,memberships-desktop,Navigate source-linked representative route,Desktop viewport and full accessibility tree captured; no exhaustive keyboard traversal.,See separate mobile captures,No complete keyboard traversal,"No live form submission, upload or mail delivery",docs/discovery/evidence/2026-10-07/memberships-desktop.jpg; docs/discovery/evidence/2026-10-07/memberships-desktop.ax.txt; docs/discovery/evidence/2026-10-07/browser-observations.json,live UI observed; limited to recorded state,2026-10-07T04:20:35.104Z,Codex in-app browser; live public reference UI
https://sterlingandwilsondc.com/modular-construction/,modular-desktop,Navigate source-linked representative service,Desktop viewport and full accessibility tree captured; no exhaustive keyboard traversal.,See separate mobile captures,No complete keyboard traversal,"No live form submission, upload or mail delivery",docs/discovery/evidence/2026-10-07/modular-desktop.jpg; docs/discovery/evidence/2026-10-07/modular-desktop.ax.txt; docs/discovery/evidence/2026-10-07/browser-observations.json,live UI observed; limited to recorded state,2026-10-07T04:20:50.433Z,Codex in-app browser; live public reference UI
https://sterlingandwilsondc.com/sustainable-execution/,sustainable-desktop,Navigate source-linked representative service,Desktop viewport and full accessibility tree captured; no exhaustive keyboard traversal.,See separate mobile captures,No complete keyboard traversal,"No live form submission, upload or mail delivery",docs/discovery/evidence/2026-10-07/sustainable-desktop.jpg; docs/discovery/evidence/2026-10-07/sustainable-desktop.ax.txt; docs/discovery/evidence/2026-10-07/browser-observations.json,live UI observed; limited to recorded state,2026-10-07T04:20:54.438Z,Codex in-app browser; live public reference UI
https://sterlingandwilsondc.com/om-services/,om-desktop,Navigate source-linked representative route,Desktop viewport and full accessibility tree captured; no exhaustive keyboard traversal.,See separate mobile captures,No complete keyboard traversal,"No live form submission, upload or mail delivery",docs/discovery/evidence/2026-10-07/om-desktop.jpg; docs/discovery/evidence/2026-10-07/om-desktop.ax.txt; docs/discovery/evidence/2026-10-07/browser-observations.json,live UI observed; limited to recorded state,2026-10-07T04:22:14.815Z,Codex in-app browser; live public reference UI
https://sterlingandwilsondc.com/blogs/,blogs-desktop,Navigate source-linked representative route,Desktop viewport and full accessibility tree captured; no exhaustive keyboard traversal.,See separate mobile captures,No complete keyboard traversal,"No live form submission, upload or mail delivery",docs/discovery/evidence/2026-10-07/blogs-desktop.jpg; docs/discovery/evidence/2026-10-07/blogs-desktop.ax.txt; docs/discovery/evidence/2026-10-07/browser-observations.json,live UI observed; limited to recorded state,2026-10-07T04:22:19.884Z,Codex in-app browser; live public reference UI
https://sterlingandwilsondc.com/privacy-policy/,privacy-desktop,Navigate Privacy Policy,Desktop viewport and full accessibility tree captured; legal copy requires owner review.,See separate mobile captures,No complete keyboard traversal,"No live form submission, upload or mail delivery",docs/discovery/evidence/2026-10-07/privacy-desktop.jpg; docs/discovery/evidence/2026-10-07/privacy-desktop.ax.txt; docs/discovery/evidence/2026-10-07/browser-observations.json,live UI observed; limited to recorded state,2026-10-07T04:22:36.170Z,Codex in-app browser; live public reference UI
https://sterlingandwilsondc.com/contact/,contact-fields-desktop,Focus Name and press Tab without entering data,Tab moves to Email; form scrolls into view. No submission or consent selection.,See separate mobile captures,No complete keyboard traversal,"No live form submission, upload or mail delivery",docs/discovery/evidence/2026-10-07/contact-fields-desktop.jpg; docs/discovery/evidence/2026-10-07/contact-fields-desktop.ax.txt; docs/discovery/evidence/2026-10-07/browser-observations.json,live UI observed; limited to recorded state,2026-10-07T04:22:42.705Z,Codex in-app browser; live public reference UI
https://sterlingandwilsondc.com/contact/,contact-fields-mobile,Focus Name and press Tab at mobile width,Tab reaches Email; single-column contact form observed. No data entered or submission.,"Observed at {'width': 390, 'height': 844}",No complete keyboard traversal,"No live form submission, upload or mail delivery",docs/discovery/evidence/2026-10-07/contact-fields-mobile.jpg; docs/discovery/evidence/2026-10-07/contact-fields-mobile.ax.txt; docs/discovery/evidence/2026-10-07/browser-observations.json,live UI observed; limited to recorded state,2026-10-07T04:22:59.763Z,Codex in-app browser; live public reference UI
https://sterlingandwilsondc.com/careers/,careers-destination-public-availability,Read-only GET of evidenced Apply Now URL,HTTP 200 HTML shell; title Sterling & Wilson Data Centre Private Limited; does not verify jobs/application behavior,Not browser tested in this supplement,Not tested in this supplement,https://sterlingone.darwinbox.in/ms/candidatev2/a688b512869b6c/careers/home,docs/discovery/evidence/2026-10-07-gap-closure-01/3f3e08282cc769ba.json,Public availability observed; portal ownership and end-to-end flow pending,2026-10-07T17:33:47+00:00,curl.exe bounded public GET; bodies discarded; no site code executed
https://sterlingandwilsondc.com/,browser-02:home-mobile-initial,Set viewport to 390x844; inspect title and navigation,390x844 mobile header has an unnamed popup link; sticky award remains visible.,Sampled at 390x844; not complete route parity,390x844 mobile header has an unnamed popup link; sticky award remains visible.,"No submissions, uploads or production changes",docs/discovery/evidence/2026-10-07-browser-02/home-mobile-initial.ax.txt; docs/discovery/evidence/2026-10-07-browser-02/home-mobile-initial.jpg; docs/discovery/evidence/2026-10-07-browser-02/observations.json,Dated live reference observation; scoped result; owner acceptance pending,2026-10-07T17:41:17.889Z,"Codex in-app browser; recorded UI actions, read-only DOM and viewport JPEG"
https://sterlingandwilsondc.com/,browser-02:home-mobile-menu-open,Focus unnamed menu link and press Enter,Enter opens mobile popup; initial focus stays on trigger.,Sampled at 390x844; not complete route parity,Enter opens mobile popup; initial focus stays on trigger.,"No submissions, uploads or production changes",docs/discovery/evidence/2026-10-07-browser-02/home-mobile-menu-open.ax.txt; docs/discovery/evidence/2026-10-07-browser-02/home-mobile-menu-open.jpg; docs/discovery/evidence/2026-10-07-browser-02/observations.json,Dated live reference observation; scoped result; owner acceptance pending,2026-10-07T17:41:24.637Z,"Codex in-app browser; recorded UI actions, read-only DOM and viewport JPEG"
https://sterlingandwilsondc.com/,browser-02:home-mobile-menu-tab,Press Tab after menu opening; inspect focus,Next Tab reaches Home in popup; complete focus trapping not tested.,Sampled at 390x844; not complete route parity,Next Tab reaches Home in popup; complete focus trapping not tested.,"No submissions, uploads or production changes",docs/discovery/evidence/2026-10-07-browser-02/home-mobile-menu-tab.ax.txt; docs/discovery/evidence/2026-10-07-browser-02/home-mobile-menu-tab.jpg; docs/discovery/evidence/2026-10-07-browser-02/observations.json,Dated live reference observation; scoped result; owner acceptance pending,2026-10-07T17:41:32.149Z,"Codex in-app browser; recorded UI actions, read-only DOM and viewport JPEG"
https://sterlingandwilsondc.com/,browser-02:home-mobile-services-enter,Focus Services and press Enter,Enter expands Services links in mobile popup.,Sampled at 390x844; not complete route parity,Enter expands Services links in mobile popup.,"No submissions, uploads or production changes",docs/discovery/evidence/2026-10-07-browser-02/home-mobile-services-enter.ax.txt; docs/discovery/evidence/2026-10-07-browser-02/home-mobile-services-enter.jpg; docs/discovery/evidence/2026-10-07-browser-02/observations.json,Dated live reference observation; scoped result; owner acceptance pending,2026-10-07T17:41:33.416Z,"Codex in-app browser; recorded UI actions, read-only DOM and viewport JPEG"
https://sterlingandwilsondc.com/,browser-02:home-mobile-menu-escape,Press Escape after expanding Services,Immediate Escape snapshot retains popup nodes during closing transition; not a settled failure.,Sampled at 390x844; not complete route parity,Immediate Escape snapshot retains popup nodes during closing transition; not a settled failure.,"No submissions, uploads or production changes",docs/discovery/evidence/2026-10-07-browser-02/home-mobile-menu-escape.ax.txt; docs/discovery/evidence/2026-10-07-browser-02/home-mobile-menu-escape.jpg; docs/discovery/evidence/2026-10-07-browser-02/observations.json,Dated live reference observation; scoped result; owner acceptance pending,2026-10-07T17:41:34.596Z,"Codex in-app browser; recorded UI actions, read-only DOM and viewport JPEG"
https://sterlingandwilsondc.com/,browser-02:home-mobile-escape-settled,Inspect post-Escape visibility after previous transition snapshot,Settled popup Close is not visible; focus returns to menu trigger after Escape.,Sampled at 390x844; not complete route parity,Settled popup Close is not visible; focus returns to menu trigger after Escape.,"No submissions, uploads or production changes",docs/discovery/evidence/2026-10-07-browser-02/home-mobile-escape-settled.ax.txt; docs/discovery/evidence/2026-10-07-browser-02/home-mobile-escape-settled.jpg; docs/discovery/evidence/2026-10-07-browser-02/observations.json,Dated live reference observation; scoped result; owner acceptance pending,2026-10-07T17:41:45.740Z,"Codex in-app browser; recorded UI actions, read-only DOM and viewport JPEG"
https://sterlingandwilsondc.com/,browser-02:home-tablet-initial,Set viewport to 768x1024; inspect tablet menu,768x1024 tablet header uses named collapsed Menu Toggle.,Sampled at 768x1024; not complete route parity,768x1024 tablet header uses named collapsed Menu Toggle.,"No submissions, uploads or production changes",docs/discovery/evidence/2026-10-07-browser-02/home-tablet-initial.ax.txt; docs/discovery/evidence/2026-10-07-browser-02/home-tablet-initial.jpg; docs/discovery/evidence/2026-10-07-browser-02/observations.json,Dated live reference observation; scoped result; owner acceptance pending,2026-10-07T17:41:59.570Z,"Codex in-app browser; recorded UI actions, read-only DOM and viewport JPEG"
https://sterlingandwilsondc.com/,browser-02:home-tablet-menu-open,Focus Menu Toggle and press Enter,Enter opens tablet dropdown and focuses expanded Menu Toggle.,Sampled at 768x1024; not complete route parity,Enter opens tablet dropdown and focuses expanded Menu Toggle.,"No submissions, uploads or production changes",docs/discovery/evidence/2026-10-07-browser-02/home-tablet-menu-open.ax.txt; docs/discovery/evidence/2026-10-07-browser-02/home-tablet-menu-open.jpg; docs/discovery/evidence/2026-10-07-browser-02/observations.json,Dated live reference observation; scoped result; owner acceptance pending,2026-10-07T17:42:04.524Z,"Codex in-app browser; recorded UI actions, read-only DOM and viewport JPEG"
https://sterlingandwilsondc.com/,browser-02:home-tablet-services-enter,Focus tablet Services and press Enter,Enter expands tablet Services submenu.,Sampled at 768x1024; not complete route parity,Enter expands tablet Services submenu.,"No submissions, uploads or production changes",docs/discovery/evidence/2026-10-07-browser-02/home-tablet-services-enter.ax.txt; docs/discovery/evidence/2026-10-07-browser-02/home-tablet-services-enter.jpg; docs/discovery/evidence/2026-10-07-browser-02/observations.json,Dated live reference observation; scoped result; owner acceptance pending,2026-10-07T17:42:11.390Z,"Codex in-app browser; recorded UI actions, read-only DOM and viewport JPEG"
https://sterlingandwilsondc.com/,browser-02:home-tablet-services-escape,Press Escape from expanded tablet Services,Escape collapses Services; main Menu Toggle remains expanded.,Sampled at 768x1024; not complete route parity,Escape collapses Services; main Menu Toggle remains expanded.,"No submissions, uploads or production changes",docs/discovery/evidence/2026-10-07-browser-02/home-tablet-services-escape.ax.txt; docs/discovery/evidence/2026-10-07-browser-02/home-tablet-services-escape.jpg; docs/discovery/evidence/2026-10-07-browser-02/observations.json,Dated live reference observation; scoped result; owner acceptance pending,2026-10-07T17:42:11.979Z,"Codex in-app browser; recorded UI actions, read-only DOM and viewport JPEG"
https://sterlingandwilsondc.com/,browser-02:home-tablet-menu-closed,Press Enter on Menu Toggle to close main dropdown,Enter on Menu Toggle closes main tablet dropdown.,Sampled at 768x1024; not complete route parity,Enter on Menu Toggle closes main tablet dropdown.,"No submissions, uploads or production changes",docs/discovery/evidence/2026-10-07-browser-02/home-tablet-menu-closed.ax.txt; docs/discovery/evidence/2026-10-07-browser-02/home-tablet-menu-closed.jpg; docs/discovery/evidence/2026-10-07-browser-02/observations.json,Dated live reference observation; scoped result; owner acceptance pending,2026-10-07T17:42:44.448Z,"Codex in-app browser; recorded UI actions, read-only DOM and viewport JPEG"
https://sterlingandwilsondc.com/,browser-02:home-tablet-project-next-enter,Press Enter on project Next slide; autoplay prevents causal slide timing guarantee,Enter reaches project Next slide control; changed slide state captured; autoplay prevents deterministic causal attribution.,Sampled at 768x1024; not complete route parity,Enter reaches project Next slide control; changed slide state captured; autoplay prevents deterministic causal attribution.,"No submissions, uploads or production changes",docs/discovery/evidence/2026-10-07-browser-02/home-tablet-project-next-enter.ax.txt; docs/discovery/evidence/2026-10-07-browser-02/home-tablet-project-next-enter.jpg; docs/discovery/evidence/2026-10-07-browser-02/observations.json,Dated live reference observation; scoped result; owner acceptance pending,2026-10-07T17:42:45.721Z,"Codex in-app browser; recorded UI actions, read-only DOM and viewport JPEG"
https://sterlingandwilsondc.com/,browser-02:home-tablet-award-enter-failed,Playwright award Next press timed out; do not infer a successful keyboard activation,"Award Next Playwright Enter timed out; focus stayed on project Next slide. Tool failure, keyboard activation unverified.",Sampled at 768x1024; not complete route parity,"Award Next Playwright Enter timed out; focus stayed on project Next slide. Tool failure, keyboard activation unverified.","No submissions, uploads or production changes",docs/discovery/evidence/2026-10-07-browser-02/home-tablet-award-enter-failed.ax.txt; docs/discovery/evidence/2026-10-07-browser-02/home-tablet-award-enter-failed.jpg; docs/discovery/evidence/2026-10-07-browser-02/observations.json,Dated live reference observation; scoped result; owner acceptance pending,2026-10-07T17:43:05.315Z,"Codex in-app browser; recorded UI actions, read-only DOM and viewport JPEG"
https://sterlingandwilsondc.com/,browser-02:home-tablet-award-next-click,Pointer click on award Next after failed keyboard attempt,Award Next pointer click completed; resulting state captured; autoplay prevents deterministic slide attribution.,Sampled at 768x1024; not complete route parity,Award Next pointer click completed; resulting state captured; autoplay prevents deterministic slide attribution.,"No submissions, uploads or production changes",docs/discovery/evidence/2026-10-07-browser-02/home-tablet-award-next-click.ax.txt; docs/discovery/evidence/2026-10-07-browser-02/home-tablet-award-next-click.jpg; docs/discovery/evidence/2026-10-07-browser-02/observations.json,Dated live reference observation; scoped result; owner acceptance pending,2026-10-07T17:43:06.852Z,"Codex in-app browser; recorded UI actions, read-only DOM and viewport JPEG"
https://sterlingandwilsondc.com/,browser-02:home-mobile-project-next-enter,Mobile project Next slide Enter,Mobile project Next slide receives focus/Enter; resulting slide state captured; autoplay still active.,Sampled at 390x844; not complete route parity,Mobile project Next slide receives focus/Enter; resulting slide state captured; autoplay still active.,"No submissions, uploads or production changes",docs/discovery/evidence/2026-10-07-browser-02/home-mobile-project-next-enter.ax.txt; docs/discovery/evidence/2026-10-07-browser-02/home-mobile-project-next-enter.jpg; docs/discovery/evidence/2026-10-07-browser-02/observations.json,Dated live reference observation; scoped result; owner acceptance pending,2026-10-07T17:43:10.042Z,"Codex in-app browser; recorded UI actions, read-only DOM and viewport JPEG"
https://sterlingandwilsondc.com/smart-operations/,browser-02:smart-mobile-initial,Navigate to Smart Operations at 390x844; inspect FAQ,First mobile FAQ source/render state captured; initialization timing not isolated.,Sampled at 390x844; not complete route parity,First mobile FAQ source/render state captured; initialization timing not isolated.,"No submissions, uploads or production changes",docs/discovery/evidence/2026-10-07-browser-02/smart-mobile-initial.ax.txt; docs/discovery/evidence/2026-10-07-browser-02/smart-mobile-initial.jpg; docs/discovery/evidence/2026-10-07-browser-02/observations.json,Dated live reference observation; scoped result; owner acceptance pending,2026-10-07T17:43:22.672Z,"Codex in-app browser; recorded UI actions, read-only DOM and viewport JPEG"
https://sterlingandwilsondc.com/smart-operations/,browser-02:smart-mobile-faq-enter,Focus first FAQ DIV and press Enter,Answer present after Enter; preliminary test before controlled closed-state trial.,Sampled at 390x844; not complete route parity,Answer present after Enter; preliminary test before controlled closed-state trial.,"No submissions, uploads or production changes",docs/discovery/evidence/2026-10-07-browser-02/smart-mobile-faq-enter.ax.txt; docs/discovery/evidence/2026-10-07-browser-02/smart-mobile-faq-enter.jpg; docs/discovery/evidence/2026-10-07-browser-02/observations.json,Dated live reference observation; scoped result; owner acceptance pending,2026-10-07T17:43:47.092Z,"Codex in-app browser; recorded UI actions, read-only DOM and viewport JPEG"
https://sterlingandwilsondc.com/smart-operations/,browser-02:smart-mobile-faq-space,Press Space on first FAQ DIV,"Answer present after Space; preliminary trial, initial state not controlled.",Sampled at 390x844; not complete route parity,"Answer present after Space; preliminary trial, initial state not controlled.","No submissions, uploads or production changes",docs/discovery/evidence/2026-10-07-browser-02/smart-mobile-faq-space.ax.txt; docs/discovery/evidence/2026-10-07-browser-02/smart-mobile-faq-space.jpg; docs/discovery/evidence/2026-10-07-browser-02/observations.json,Dated live reference observation; scoped result; owner acceptance pending,2026-10-07T17:43:48.374Z,"Codex in-app browser; recorded UI actions, read-only DOM and viewport JPEG"
https://sterlingandwilsondc.com/smart-operations/,browser-02:smart-mobile-faq-click,Click first FAQ header,FAQ pointer response captured; immediate snapshots may contain transition state.,Sampled at 390x844; not complete route parity,FAQ pointer response captured; immediate snapshots may contain transition state.,"No submissions, uploads or production changes",docs/discovery/evidence/2026-10-07-browser-02/smart-mobile-faq-click.ax.txt; docs/discovery/evidence/2026-10-07-browser-02/smart-mobile-faq-click.jpg; docs/discovery/evidence/2026-10-07-browser-02/observations.json,Dated live reference observation; scoped result; owner acceptance pending,2026-10-07T17:43:49.855Z,"Codex in-app browser; recorded UI actions, read-only DOM and viewport JPEG"
https://sterlingandwilsondc.com/smart-operations/,browser-02:smart-mobile-faq-settled,Inspect FAQ after pointer transition,Answer visible after preceding pointer actions; subsequent controlled trials establish closed state.,Sampled at 390x844; not complete route parity,Answer visible after preceding pointer actions; subsequent controlled trials establish closed state.,"No submissions, uploads or production changes",docs/discovery/evidence/2026-10-07-browser-02/smart-mobile-faq-settled.ax.txt; docs/discovery/evidence/2026-10-07-browser-02/smart-mobile-faq-settled.jpg; docs/discovery/evidence/2026-10-07-browser-02/observations.json,Dated live reference observation; scoped result; owner acceptance pending,2026-10-07T17:44:11.121Z,"Codex in-app browser; recorded UI actions, read-only DOM and viewport JPEG"
https://sterlingandwilsondc.com/smart-operations/,browser-02:smart-mobile-faq-enter-controlled,Enter test after observed closed FAQ state,First answer observed closed before Enter and visible after Enter on mobile.,Sampled at 390x844; not complete route parity,First answer observed closed before Enter and visible after Enter on mobile.,"No submissions, uploads or production changes",docs/discovery/evidence/2026-10-07-browser-02/smart-mobile-faq-enter-controlled.ax.txt; docs/discovery/evidence/2026-10-07-browser-02/smart-mobile-faq-enter-controlled.jpg; docs/discovery/evidence/2026-10-07-browser-02/observations.json,Dated live reference observation; scoped result; owner acceptance pending,2026-10-07T17:44:15.055Z,"Codex in-app browser; recorded UI actions, read-only DOM and viewport JPEG"
https://sterlingandwilsondc.com/smart-operations/,browser-02:smart-mobile-faq-space-controlled,Space test after observed closed FAQ state,First answer observed closed before Space and visible after Space on mobile.,Sampled at 390x844; not complete route parity,First answer observed closed before Space and visible after Space on mobile.,"No submissions, uploads or production changes",docs/discovery/evidence/2026-10-07-browser-02/smart-mobile-faq-space-controlled.ax.txt; docs/discovery/evidence/2026-10-07-browser-02/smart-mobile-faq-space-controlled.jpg; docs/discovery/evidence/2026-10-07-browser-02/observations.json,Dated live reference observation; scoped result; owner acceptance pending,2026-10-07T17:44:32.630Z,"Codex in-app browser; recorded UI actions, read-only DOM and viewport JPEG"
https://sterlingandwilsondc.com/smart-operations/,browser-02:smart-tablet-faq-initial,Inspect FAQ after tablet resize,Tablet FAQ inspected after resize; prior open state retained.,Sampled at 768x1024; not complete route parity,Tablet FAQ inspected after resize; prior open state retained.,"No submissions, uploads or production changes",docs/discovery/evidence/2026-10-07-browser-02/smart-tablet-faq-initial.ax.txt; docs/discovery/evidence/2026-10-07-browser-02/smart-tablet-faq-initial.jpg; docs/discovery/evidence/2026-10-07-browser-02/observations.json,Dated live reference observation; scoped result; owner acceptance pending,2026-10-07T17:44:33.231Z,"Codex in-app browser; recorded UI actions, read-only DOM and viewport JPEG"
https://sterlingandwilsondc.com/smart-operations/,browser-02:smart-tablet-faq-enter-controlled,Enter test from observed closed FAQ on tablet,First answer observed closed before Enter and visible after Enter on tablet.,Sampled at 768x1024; not complete route parity,First answer observed closed before Enter and visible after Enter on tablet.,"No submissions, uploads or production changes",docs/discovery/evidence/2026-10-07-browser-02/smart-tablet-faq-enter-controlled.ax.txt; docs/discovery/evidence/2026-10-07-browser-02/smart-tablet-faq-enter-controlled.jpg; docs/discovery/evidence/2026-10-07-browser-02/observations.json,Dated live reference observation; scoped result; owner acceptance pending,2026-10-07T17:44:35.344Z,"Codex in-app browser; recorded UI actions, read-only DOM and viewport JPEG"
